
INSERT INTO resto_zasb.dbo.Employees (employee_id, job_id, first_name, last_name, salary, hire_date) VALUES (233305, 3, N'qwe', N'wwe', 600, N'2018-06-24');
INSERT INTO resto_zasb.dbo.Employees (employee_id, job_id, first_name, last_name, salary, hire_date) VALUES (1, 1, N'Pepito', N'Boays', 5000, N'2018-05-26');
INSERT INTO resto_zasb.dbo.Employees (employee_id, job_id, first_name, last_name, salary, hire_date) VALUES (2, 2, N'Katharine', N'Demonge', 3400, N'2018-06-06');
INSERT INTO resto_zasb.dbo.Employees (employee_id, job_id, first_name, last_name, salary, hire_date) VALUES (3, 3, N'Harriott', N'McGraw', 1100, N'2018-06-07');
INSERT INTO resto_zasb.dbo.Employees (employee_id, job_id, first_name, last_name, salary, hire_date) VALUES (4, 3, N'Christos', N'Burnett', 700, N'2018-06-23');
INSERT INTO resto_zasb.dbo.Employees (employee_id, job_id, first_name, last_name, salary, hire_date) VALUES (5, 3, N'Lorri', N'Joseff', 1100, N'2018-06-16');
INSERT INTO resto_zasb.dbo.Employees (employee_id, job_id, first_name, last_name, salary, hire_date) VALUES (6, 3, N'Roby', N'Gorton', 1100, N'2018-06-19');
INSERT INTO resto_zasb.dbo.Employees (employee_id, job_id, first_name, last_name, salary, hire_date) VALUES (7, 3, N'Laurella', N'Wippermann', 1100, N'2018-06-04');
INSERT INTO resto_zasb.dbo.Employees (employee_id, job_id, first_name, last_name, salary, hire_date) VALUES (8, 3, N'North', N'Giffkins', 1100, N'2018-06-04');
INSERT INTO resto_zasb.dbo.Employees (employee_id, job_id, first_name, last_name, salary, hire_date) VALUES (9, 3, N'Maryanne', N'Sobtka', 1100, N'2018-06-04');
INSERT INTO resto_zasb.dbo.Employees (employee_id, job_id, first_name, last_name, salary, hire_date) VALUES (10, 3, N'Patric', N'Lawlor', 1100, N'2018-06-24');
INSERT INTO resto_zasb.dbo.Employees (employee_id, job_id, first_name, last_name, salary, hire_date) VALUES (11, 3, N'Andromache', N'Woolgar', 1100, N'2018-06-15');
INSERT INTO resto_zasb.dbo.Employees (employee_id, job_id, first_name, last_name, salary, hire_date) VALUES (12, 3, N'Maurizia', N'Gabbitus', 1100, N'2018-06-06');
INSERT INTO resto_zasb.dbo.Employees (employee_id, job_id, first_name, last_name, salary, hire_date) VALUES (13, 4, N'Danya', N'Scamaden', 2300, N'2018-06-23');
INSERT INTO resto_zasb.dbo.Employees (employee_id, job_id, first_name, last_name, salary, hire_date) VALUES (14, 4, N'Chicky', N'Wiburn', 2152, N'2018-06-27');
INSERT INTO resto_zasb.dbo.Employees (employee_id, job_id, first_name, last_name, salary, hire_date) VALUES (15, 4, N'Cathee', N'Giurio', 1507, N'2018-06-14');
INSERT INTO resto_zasb.dbo.Employees (employee_id, job_id, first_name, last_name, salary, hire_date) VALUES (16, 4, N'Horacio', N'Crouch', 1000, N'2018-06-26');
INSERT INTO resto_zasb.dbo.Employees (employee_id, job_id, first_name, last_name, salary, hire_date) VALUES (17, 4, N'Sebastiano', N'Finlay', 2300, N'2018-06-24');

INSERT INTO resto_zasb.dbo.Jobs (job_id, job_name, min_salary, max_salary) VALUES (1, N'Director', 3500, 7000);
INSERT INTO resto_zasb.dbo.Jobs (job_id, job_name, min_salary, max_salary) VALUES (2, N'Manager', 2500, 3400);
INSERT INTO resto_zasb.dbo.Jobs (job_id, job_name, min_salary, max_salary) VALUES (3, N'Waiter', 600, 1000);
INSERT INTO resto_zasb.dbo.Jobs (job_id, job_name, min_salary, max_salary) VALUES (4, N'Cook', 1000, 2300);
INSERT INTO resto_zasb.dbo.Jobs (job_id, job_name, min_salary, max_salary) VALUES (300, N'Leather man', 300, 300);



INSERT INTO resto_zasb.dbo.[Order] (order_id, order_date, employee_id) VALUES (385, N'2018-07-26', 6);
INSERT INTO resto_zasb.dbo.[Order] (order_id, order_date, employee_id) VALUES (386, N'2018-07-11', 9);
INSERT INTO resto_zasb.dbo.[Order] (order_id, order_date, employee_id) VALUES (387, N'2018-07-05', 7);
INSERT INTO resto_zasb.dbo.[Order] (order_id, order_date, employee_id) VALUES (388, N'2018-07-05', 11);
INSERT INTO resto_zasb.dbo.[Order] (order_id, order_date, employee_id) VALUES (389, N'2018-07-11', 6);
INSERT INTO resto_zasb.dbo.[Order] (order_id, order_date, employee_id) VALUES (390, N'2018-07-21', 5);
INSERT INTO resto_zasb.dbo.[Order] (order_id, order_date, employee_id) VALUES (391, N'2018-07-13', 9);
INSERT INTO resto_zasb.dbo.[Order] (order_id, order_date, employee_id) VALUES (392, N'2018-07-09', 10);
INSERT INTO resto_zasb.dbo.[Order] (order_id, order_date, employee_id) VALUES (393, N'2018-07-23', 10);
INSERT INTO resto_zasb.dbo.[Order] (order_id, order_date, employee_id) VALUES (394, N'2018-07-10', 3);
INSERT INTO resto_zasb.dbo.[Order] (order_id, order_date, employee_id) VALUES (395, N'2018-07-04', 10);
INSERT INTO resto_zasb.dbo.[Order] (order_id, order_date, employee_id) VALUES (396, N'2018-07-03', 10);
INSERT INTO resto_zasb.dbo.[Order] (order_id, order_date, employee_id) VALUES (397, N'2018-07-20', 6);
INSERT INTO resto_zasb.dbo.[Order] (order_id, order_date, employee_id) VALUES (398, N'2018-07-19', 11);
INSERT INTO resto_zasb.dbo.[Order] (order_id, order_date, employee_id) VALUES (399, N'2018-07-12', 8);
INSERT INTO resto_zasb.dbo.[Order] (order_id, order_date, employee_id) VALUES (400, N'2018-07-18', 12);
INSERT INTO resto_zasb.dbo.[Order] (order_id, order_date, employee_id) VALUES (401, N'2018-07-11', 4);
INSERT INTO resto_zasb.dbo.[Order] (order_id, order_date, employee_id) VALUES (402, N'2018-07-18', 4);
INSERT INTO resto_zasb.dbo.[Order] (order_id, order_date, employee_id) VALUES (403, N'2018-07-19', 12);
INSERT INTO resto_zasb.dbo.[Order] (order_id, order_date, employee_id) VALUES (404, N'2018-07-03', 8);
INSERT INTO resto_zasb.dbo.[Order] (order_id, order_date, employee_id) VALUES (405, N'2018-07-28', 6);
INSERT INTO resto_zasb.dbo.[Order] (order_id, order_date, employee_id) VALUES (406, N'2018-07-27', 4);
INSERT INTO resto_zasb.dbo.[Order] (order_id, order_date, employee_id) VALUES (407, N'2018-07-12', 3);
INSERT INTO resto_zasb.dbo.[Order] (order_id, order_date, employee_id) VALUES (408, N'2018-07-02', 5);
INSERT INTO resto_zasb.dbo.[Order] (order_id, order_date, employee_id) VALUES (409, N'2018-07-20', 5);
INSERT INTO resto_zasb.dbo.[Order] (order_id, order_date, employee_id) VALUES (410, N'2018-07-24', 10);
INSERT INTO resto_zasb.dbo.[Order] (order_id, order_date, employee_id) VALUES (411, N'2018-07-03', 11);
INSERT INTO resto_zasb.dbo.[Order] (order_id, order_date, employee_id) VALUES (412, N'2018-07-20', 9);
INSERT INTO resto_zasb.dbo.[Order] (order_id, order_date, employee_id) VALUES (413, N'2018-07-26', 3);
INSERT INTO resto_zasb.dbo.[Order] (order_id, order_date, employee_id) VALUES (414, N'2018-07-12', 3);
INSERT INTO resto_zasb.dbo.[Order] (order_id, order_date, employee_id) VALUES (415, N'2018-07-20', 3);
INSERT INTO resto_zasb.dbo.[Order] (order_id, order_date, employee_id) VALUES (416, N'2018-07-21', 11);
INSERT INTO resto_zasb.dbo.[Order] (order_id, order_date, employee_id) VALUES (417, N'2018-07-06', 4);
INSERT INTO resto_zasb.dbo.[Order] (order_id, order_date, employee_id) VALUES (418, N'2018-07-25', 5);
INSERT INTO resto_zasb.dbo.[Order] (order_id, order_date, employee_id) VALUES (419, N'2018-07-16', 9);
INSERT INTO resto_zasb.dbo.[Order] (order_id, order_date, employee_id) VALUES (420, N'2018-07-25', 6);
INSERT INTO resto_zasb.dbo.[Order] (order_id, order_date, employee_id) VALUES (421, N'2018-07-15', 5);
INSERT INTO resto_zasb.dbo.[Order] (order_id, order_date, employee_id) VALUES (422, N'2018-07-16', 11);
INSERT INTO resto_zasb.dbo.[Order] (order_id, order_date, employee_id) VALUES (423, N'2018-07-20', 12);
INSERT INTO resto_zasb.dbo.[Order] (order_id, order_date, employee_id) VALUES (424, N'2018-07-18', 10);
INSERT INTO resto_zasb.dbo.[Order] (order_id, order_date, employee_id) VALUES (425, N'2018-07-17', 5);
INSERT INTO resto_zasb.dbo.[Order] (order_id, order_date, employee_id) VALUES (426, N'2018-07-22', 11);
INSERT INTO resto_zasb.dbo.[Order] (order_id, order_date, employee_id) VALUES (427, N'2018-07-17', 12);
INSERT INTO resto_zasb.dbo.[Order] (order_id, order_date, employee_id) VALUES (428, N'2018-07-13', 4);
INSERT INTO resto_zasb.dbo.[Order] (order_id, order_date, employee_id) VALUES (429, N'2018-07-29', 7);
INSERT INTO resto_zasb.dbo.[Order] (order_id, order_date, employee_id) VALUES (430, N'2018-07-06', 12);
INSERT INTO resto_zasb.dbo.[Order] (order_id, order_date, employee_id) VALUES (431, N'2018-07-08', 6);
INSERT INTO resto_zasb.dbo.[Order] (order_id, order_date, employee_id) VALUES (432, N'2018-07-25', 4);
INSERT INTO resto_zasb.dbo.[Order] (order_id, order_date, employee_id) VALUES (433, N'2018-07-04', 11);
INSERT INTO resto_zasb.dbo.[Order] (order_id, order_date, employee_id) VALUES (434, N'2018-07-07', 8);
INSERT INTO resto_zasb.dbo.[Order] (order_id, order_date, employee_id) VALUES (435, N'2018-07-21', 12);
INSERT INTO resto_zasb.dbo.[Order] (order_id, order_date, employee_id) VALUES (436, N'2018-07-27', 11);
INSERT INTO resto_zasb.dbo.[Order] (order_id, order_date, employee_id) VALUES (437, N'2018-07-29', 8);
INSERT INTO resto_zasb.dbo.[Order] (order_id, order_date, employee_id) VALUES (438, N'2018-07-10', 5);
INSERT INTO resto_zasb.dbo.[Order] (order_id, order_date, employee_id) VALUES (439, N'2018-07-01', 7);
INSERT INTO resto_zasb.dbo.[Order] (order_id, order_date, employee_id) VALUES (440, N'2018-07-23', 11);
INSERT INTO resto_zasb.dbo.[Order] (order_id, order_date, employee_id) VALUES (441, N'2018-07-12', 9);
INSERT INTO resto_zasb.dbo.[Order] (order_id, order_date, employee_id) VALUES (442, N'2018-07-02', 8);
INSERT INTO resto_zasb.dbo.[Order] (order_id, order_date, employee_id) VALUES (443, N'2018-07-13', 6);
INSERT INTO resto_zasb.dbo.[Order] (order_id, order_date, employee_id) VALUES (444, N'2018-07-08', 7);
INSERT INTO resto_zasb.dbo.[Order] (order_id, order_date, employee_id) VALUES (445, N'2018-07-21', 8);
INSERT INTO resto_zasb.dbo.[Order] (order_id, order_date, employee_id) VALUES (446, N'2018-07-24', 10);
INSERT INTO resto_zasb.dbo.[Order] (order_id, order_date, employee_id) VALUES (447, N'2018-07-09', 8);
INSERT INTO resto_zasb.dbo.[Order] (order_id, order_date, employee_id) VALUES (448, N'2018-07-01', 11);
INSERT INTO resto_zasb.dbo.[Order] (order_id, order_date, employee_id) VALUES (449, N'2018-07-25', 7);
INSERT INTO resto_zasb.dbo.[Order] (order_id, order_date, employee_id) VALUES (450, N'2018-07-09', 8);
INSERT INTO resto_zasb.dbo.[Order] (order_id, order_date, employee_id) VALUES (451, N'2018-07-09', 7);
INSERT INTO resto_zasb.dbo.[Order] (order_id, order_date, employee_id) VALUES (452, N'2018-07-01', 12);
INSERT INTO resto_zasb.dbo.[Order] (order_id, order_date, employee_id) VALUES (453, N'2018-07-07', 8);
INSERT INTO resto_zasb.dbo.[Order] (order_id, order_date, employee_id) VALUES (454, N'2018-07-15', 7);
INSERT INTO resto_zasb.dbo.[Order] (order_id, order_date, employee_id) VALUES (455, N'2018-07-16', 6);
INSERT INTO resto_zasb.dbo.[Order] (order_id, order_date, employee_id) VALUES (456, N'2018-07-21', 8);
INSERT INTO resto_zasb.dbo.[Order] (order_id, order_date, employee_id) VALUES (457, N'2018-07-16', 4);
INSERT INTO resto_zasb.dbo.[Order] (order_id, order_date, employee_id) VALUES (458, N'2018-07-09', 7);
INSERT INTO resto_zasb.dbo.[Order] (order_id, order_date, employee_id) VALUES (459, N'2018-07-16', 9);
INSERT INTO resto_zasb.dbo.[Order] (order_id, order_date, employee_id) VALUES (460, N'2018-07-09', 9);
INSERT INTO resto_zasb.dbo.[Order] (order_id, order_date, employee_id) VALUES (461, N'2018-07-26', 5);
INSERT INTO resto_zasb.dbo.[Order] (order_id, order_date, employee_id) VALUES (462, N'2018-07-07', 6);
INSERT INTO resto_zasb.dbo.[Order] (order_id, order_date, employee_id) VALUES (463, N'2018-07-03', 8);
INSERT INTO resto_zasb.dbo.[Order] (order_id, order_date, employee_id) VALUES (464, N'2018-07-14', 9);
INSERT INTO resto_zasb.dbo.[Order] (order_id, order_date, employee_id) VALUES (465, N'2018-07-26', 10);
INSERT INTO resto_zasb.dbo.[Order] (order_id, order_date, employee_id) VALUES (466, N'2018-07-02', 11);
INSERT INTO resto_zasb.dbo.[Order] (order_id, order_date, employee_id) VALUES (467, N'2018-07-24', 10);
INSERT INTO resto_zasb.dbo.[Order] (order_id, order_date, employee_id) VALUES (468, N'2018-07-02', 9);
INSERT INTO resto_zasb.dbo.[Order] (order_id, order_date, employee_id) VALUES (469, N'2018-07-19', 7);
INSERT INTO resto_zasb.dbo.[Order] (order_id, order_date, employee_id) VALUES (470, N'2018-07-08', 12);
INSERT INTO resto_zasb.dbo.[Order] (order_id, order_date, employee_id) VALUES (471, N'2018-07-28', 12);
INSERT INTO resto_zasb.dbo.[Order] (order_id, order_date, employee_id) VALUES (472, N'2018-07-28', 5);
INSERT INTO resto_zasb.dbo.[Order] (order_id, order_date, employee_id) VALUES (473, N'2018-07-17', 7);
INSERT INTO resto_zasb.dbo.[Order] (order_id, order_date, employee_id) VALUES (474, N'2018-07-28', 12);
INSERT INTO resto_zasb.dbo.[Order] (order_id, order_date, employee_id) VALUES (475, N'2018-07-14', 11);
INSERT INTO resto_zasb.dbo.[Order] (order_id, order_date, employee_id) VALUES (476, N'2018-07-06', 4);
INSERT INTO resto_zasb.dbo.[Order] (order_id, order_date, employee_id) VALUES (477, N'2018-07-12', 8);
INSERT INTO resto_zasb.dbo.[Order] (order_id, order_date, employee_id) VALUES (478, N'2018-07-28', 6);
INSERT INTO resto_zasb.dbo.[Order] (order_id, order_date, employee_id) VALUES (479, N'2018-07-28', 8);
INSERT INTO resto_zasb.dbo.[Order] (order_id, order_date, employee_id) VALUES (480, N'2018-07-25', 10);
INSERT INTO resto_zasb.dbo.[Order] (order_id, order_date, employee_id) VALUES (481, N'2018-07-27', 6);
INSERT INTO resto_zasb.dbo.[Order] (order_id, order_date, employee_id) VALUES (482, N'2018-07-06', 10);
INSERT INTO resto_zasb.dbo.[Order] (order_id, order_date, employee_id) VALUES (483, N'2018-07-24', 9);
INSERT INTO resto_zasb.dbo.[Order] (order_id, order_date, employee_id) VALUES (484, N'2018-07-29', 7);
INSERT INTO resto_zasb.dbo.[Order] (order_id, order_date, employee_id) VALUES (485, N'2018-07-09', 7);
INSERT INTO resto_zasb.dbo.[Order] (order_id, order_date, employee_id) VALUES (486, N'2018-07-18', 10);
INSERT INTO resto_zasb.dbo.[Order] (order_id, order_date, employee_id) VALUES (487, N'2018-07-23', 4);
INSERT INTO resto_zasb.dbo.[Order] (order_id, order_date, employee_id) VALUES (488, N'2018-07-19', 11);
INSERT INTO resto_zasb.dbo.[Order] (order_id, order_date, employee_id) VALUES (489, N'2018-07-08', 4);
INSERT INTO resto_zasb.dbo.[Order] (order_id, order_date, employee_id) VALUES (490, N'2018-07-22', 10);
INSERT INTO resto_zasb.dbo.[Order] (order_id, order_date, employee_id) VALUES (491, N'2018-07-17', 5);
INSERT INTO resto_zasb.dbo.[Order] (order_id, order_date, employee_id) VALUES (492, N'2018-07-10', 7);
INSERT INTO resto_zasb.dbo.[Order] (order_id, order_date, employee_id) VALUES (493, N'2018-07-07', 7);
INSERT INTO resto_zasb.dbo.[Order] (order_id, order_date, employee_id) VALUES (494, N'2018-07-13', 12);
INSERT INTO resto_zasb.dbo.[Order] (order_id, order_date, employee_id) VALUES (495, N'2018-07-07', 9);
INSERT INTO resto_zasb.dbo.[Order] (order_id, order_date, employee_id) VALUES (496, N'2018-07-25', 8);
INSERT INTO resto_zasb.dbo.[Order] (order_id, order_date, employee_id) VALUES (497, N'2018-07-29', 11);
INSERT INTO resto_zasb.dbo.[Order] (order_id, order_date, employee_id) VALUES (498, N'2018-07-25', 6);
INSERT INTO resto_zasb.dbo.[Order] (order_id, order_date, employee_id) VALUES (499, N'2018-07-01', 4);
INSERT INTO resto_zasb.dbo.[Order] (order_id, order_date, employee_id) VALUES (0, N'2018-07-22', 4);
INSERT INTO resto_zasb.dbo.[Order] (order_id, order_date, employee_id) VALUES (1, N'2018-07-20', 9);
INSERT INTO resto_zasb.dbo.[Order] (order_id, order_date, employee_id) VALUES (2, N'2018-07-12', 7);
INSERT INTO resto_zasb.dbo.[Order] (order_id, order_date, employee_id) VALUES (3, N'2018-07-06', 11);
INSERT INTO resto_zasb.dbo.[Order] (order_id, order_date, employee_id) VALUES (4, N'2018-07-08', 6);
INSERT INTO resto_zasb.dbo.[Order] (order_id, order_date, employee_id) VALUES (5, N'2018-07-03', 5);
INSERT INTO resto_zasb.dbo.[Order] (order_id, order_date, employee_id) VALUES (6, N'2018-07-10', 10);
INSERT INTO resto_zasb.dbo.[Order] (order_id, order_date, employee_id) VALUES (7, N'2018-07-17', 8);
INSERT INTO resto_zasb.dbo.[Order] (order_id, order_date, employee_id) VALUES (8, N'2018-07-18', 10);
INSERT INTO resto_zasb.dbo.[Order] (order_id, order_date, employee_id) VALUES (9, N'2018-07-18', 6);
INSERT INTO resto_zasb.dbo.[Order] (order_id, order_date, employee_id) VALUES (10, N'2018-07-28', 9);
INSERT INTO resto_zasb.dbo.[Order] (order_id, order_date, employee_id) VALUES (11, N'2018-07-29', 3);
INSERT INTO resto_zasb.dbo.[Order] (order_id, order_date, employee_id) VALUES (12, N'2018-07-17', 10);
INSERT INTO resto_zasb.dbo.[Order] (order_id, order_date, employee_id) VALUES (13, N'2018-07-03', 12);
INSERT INTO resto_zasb.dbo.[Order] (order_id, order_date, employee_id) VALUES (14, N'2018-07-15', 5);
INSERT INTO resto_zasb.dbo.[Order] (order_id, order_date, employee_id) VALUES (15, N'2018-07-10', 3);
INSERT INTO resto_zasb.dbo.[Order] (order_id, order_date, employee_id) VALUES (16, N'2018-07-10', 6);
INSERT INTO resto_zasb.dbo.[Order] (order_id, order_date, employee_id) VALUES (17, N'2018-07-10', 7);
INSERT INTO resto_zasb.dbo.[Order] (order_id, order_date, employee_id) VALUES (18, N'2018-07-21', 3);
INSERT INTO resto_zasb.dbo.[Order] (order_id, order_date, employee_id) VALUES (19, N'2018-07-29', 8);
INSERT INTO resto_zasb.dbo.[Order] (order_id, order_date, employee_id) VALUES (20, N'2018-07-07', 12);
INSERT INTO resto_zasb.dbo.[Order] (order_id, order_date, employee_id) VALUES (21, N'2018-07-08', 11);
INSERT INTO resto_zasb.dbo.[Order] (order_id, order_date, employee_id) VALUES (22, N'2018-07-14', 8);
INSERT INTO resto_zasb.dbo.[Order] (order_id, order_date, employee_id) VALUES (23, N'2018-07-10', 4);
INSERT INTO resto_zasb.dbo.[Order] (order_id, order_date, employee_id) VALUES (24, N'2018-07-23', 4);
INSERT INTO resto_zasb.dbo.[Order] (order_id, order_date, employee_id) VALUES (25, N'2018-07-24', 7);
INSERT INTO resto_zasb.dbo.[Order] (order_id, order_date, employee_id) VALUES (26, N'2018-07-27', 10);
INSERT INTO resto_zasb.dbo.[Order] (order_id, order_date, employee_id) VALUES (27, N'2018-07-17', 11);
INSERT INTO resto_zasb.dbo.[Order] (order_id, order_date, employee_id) VALUES (28, N'2018-07-08', 7);
INSERT INTO resto_zasb.dbo.[Order] (order_id, order_date, employee_id) VALUES (29, N'2018-07-21', 10);
INSERT INTO resto_zasb.dbo.[Order] (order_id, order_date, employee_id) VALUES (30, N'2018-07-28', 11);
INSERT INTO resto_zasb.dbo.[Order] (order_id, order_date, employee_id) VALUES (31, N'2018-07-26', 11);
INSERT INTO resto_zasb.dbo.[Order] (order_id, order_date, employee_id) VALUES (32, N'2018-07-14', 8);
INSERT INTO resto_zasb.dbo.[Order] (order_id, order_date, employee_id) VALUES (33, N'2018-07-19', 12);
INSERT INTO resto_zasb.dbo.[Order] (order_id, order_date, employee_id) VALUES (34, N'2018-07-28', 9);
INSERT INTO resto_zasb.dbo.[Order] (order_id, order_date, employee_id) VALUES (35, N'2018-07-27', 3);
INSERT INTO resto_zasb.dbo.[Order] (order_id, order_date, employee_id) VALUES (36, N'2018-07-20', 12);
INSERT INTO resto_zasb.dbo.[Order] (order_id, order_date, employee_id) VALUES (37, N'2018-07-09', 9);
INSERT INTO resto_zasb.dbo.[Order] (order_id, order_date, employee_id) VALUES (38, N'2018-07-09', 4);
INSERT INTO resto_zasb.dbo.[Order] (order_id, order_date, employee_id) VALUES (39, N'2018-07-29', 7);
INSERT INTO resto_zasb.dbo.[Order] (order_id, order_date, employee_id) VALUES (40, N'2018-07-21', 7);
INSERT INTO resto_zasb.dbo.[Order] (order_id, order_date, employee_id) VALUES (41, N'2018-07-29', 11);
INSERT INTO resto_zasb.dbo.[Order] (order_id, order_date, employee_id) VALUES (42, N'2018-07-21', 10);
INSERT INTO resto_zasb.dbo.[Order] (order_id, order_date, employee_id) VALUES (43, N'2018-07-11', 6);
INSERT INTO resto_zasb.dbo.[Order] (order_id, order_date, employee_id) VALUES (44, N'2018-07-01', 4);
INSERT INTO resto_zasb.dbo.[Order] (order_id, order_date, employee_id) VALUES (45, N'2018-07-21', 5);
INSERT INTO resto_zasb.dbo.[Order] (order_id, order_date, employee_id) VALUES (46, N'2018-07-07', 3);
INSERT INTO resto_zasb.dbo.[Order] (order_id, order_date, employee_id) VALUES (47, N'2018-07-12', 4);
INSERT INTO resto_zasb.dbo.[Order] (order_id, order_date, employee_id) VALUES (48, N'2018-07-28', 8);
INSERT INTO resto_zasb.dbo.[Order] (order_id, order_date, employee_id) VALUES (49, N'2018-07-12', 12);
INSERT INTO resto_zasb.dbo.[Order] (order_id, order_date, employee_id) VALUES (50, N'2018-07-08', 12);
INSERT INTO resto_zasb.dbo.[Order] (order_id, order_date, employee_id) VALUES (51, N'2018-07-05', 7);
INSERT INTO resto_zasb.dbo.[Order] (order_id, order_date, employee_id) VALUES (52, N'2018-07-08', 4);
INSERT INTO resto_zasb.dbo.[Order] (order_id, order_date, employee_id) VALUES (53, N'2018-07-17', 9);
INSERT INTO resto_zasb.dbo.[Order] (order_id, order_date, employee_id) VALUES (54, N'2018-07-11', 5);
INSERT INTO resto_zasb.dbo.[Order] (order_id, order_date, employee_id) VALUES (55, N'2018-07-14', 7);
INSERT INTO resto_zasb.dbo.[Order] (order_id, order_date, employee_id) VALUES (56, N'2018-07-20', 12);
INSERT INTO resto_zasb.dbo.[Order] (order_id, order_date, employee_id) VALUES (57, N'2018-07-11', 4);
INSERT INTO resto_zasb.dbo.[Order] (order_id, order_date, employee_id) VALUES (58, N'2018-07-05', 11);
INSERT INTO resto_zasb.dbo.[Order] (order_id, order_date, employee_id) VALUES (59, N'2018-07-03', 7);
INSERT INTO resto_zasb.dbo.[Order] (order_id, order_date, employee_id) VALUES (60, N'2018-07-10', 12);
INSERT INTO resto_zasb.dbo.[Order] (order_id, order_date, employee_id) VALUES (61, N'2018-07-25', 12);
INSERT INTO resto_zasb.dbo.[Order] (order_id, order_date, employee_id) VALUES (62, N'2018-07-02', 10);
INSERT INTO resto_zasb.dbo.[Order] (order_id, order_date, employee_id) VALUES (63, N'2018-07-29', 6);
INSERT INTO resto_zasb.dbo.[Order] (order_id, order_date, employee_id) VALUES (64, N'2018-07-28', 12);
INSERT INTO resto_zasb.dbo.[Order] (order_id, order_date, employee_id) VALUES (65, N'2018-07-03', 12);
INSERT INTO resto_zasb.dbo.[Order] (order_id, order_date, employee_id) VALUES (66, N'2018-07-01', 10);
INSERT INTO resto_zasb.dbo.[Order] (order_id, order_date, employee_id) VALUES (67, N'2018-07-10', 5);
INSERT INTO resto_zasb.dbo.[Order] (order_id, order_date, employee_id) VALUES (68, N'2018-07-27', 8);
INSERT INTO resto_zasb.dbo.[Order] (order_id, order_date, employee_id) VALUES (69, N'2018-07-27', 12);
INSERT INTO resto_zasb.dbo.[Order] (order_id, order_date, employee_id) VALUES (70, N'2018-07-17', 9);
INSERT INTO resto_zasb.dbo.[Order] (order_id, order_date, employee_id) VALUES (71, N'2018-07-14', 5);
INSERT INTO resto_zasb.dbo.[Order] (order_id, order_date, employee_id) VALUES (72, N'2018-07-06', 9);
INSERT INTO resto_zasb.dbo.[Order] (order_id, order_date, employee_id) VALUES (73, N'2018-07-25', 4);
INSERT INTO resto_zasb.dbo.[Order] (order_id, order_date, employee_id) VALUES (74, N'2018-07-22', 7);
INSERT INTO resto_zasb.dbo.[Order] (order_id, order_date, employee_id) VALUES (75, N'2018-07-12', 7);
INSERT INTO resto_zasb.dbo.[Order] (order_id, order_date, employee_id) VALUES (76, N'2018-07-28', 5);
INSERT INTO resto_zasb.dbo.[Order] (order_id, order_date, employee_id) VALUES (77, N'2018-07-15', 12);
INSERT INTO resto_zasb.dbo.[Order] (order_id, order_date, employee_id) VALUES (78, N'2018-07-02', 6);
INSERT INTO resto_zasb.dbo.[Order] (order_id, order_date, employee_id) VALUES (79, N'2018-07-26', 9);
INSERT INTO resto_zasb.dbo.[Order] (order_id, order_date, employee_id) VALUES (80, N'2018-07-18', 4);
INSERT INTO resto_zasb.dbo.[Order] (order_id, order_date, employee_id) VALUES (81, N'2018-07-21', 7);
INSERT INTO resto_zasb.dbo.[Order] (order_id, order_date, employee_id) VALUES (82, N'2018-07-01', 4);
INSERT INTO resto_zasb.dbo.[Order] (order_id, order_date, employee_id) VALUES (83, N'2018-07-05', 5);
INSERT INTO resto_zasb.dbo.[Order] (order_id, order_date, employee_id) VALUES (84, N'2018-07-14', 9);
INSERT INTO resto_zasb.dbo.[Order] (order_id, order_date, employee_id) VALUES (85, N'2018-07-14', 5);
INSERT INTO resto_zasb.dbo.[Order] (order_id, order_date, employee_id) VALUES (86, N'2018-07-03', 9);
INSERT INTO resto_zasb.dbo.[Order] (order_id, order_date, employee_id) VALUES (87, N'2018-07-10', 8);
INSERT INTO resto_zasb.dbo.[Order] (order_id, order_date, employee_id) VALUES (88, N'2018-07-06', 11);
INSERT INTO resto_zasb.dbo.[Order] (order_id, order_date, employee_id) VALUES (89, N'2018-07-09', 10);
INSERT INTO resto_zasb.dbo.[Order] (order_id, order_date, employee_id) VALUES (90, N'2018-07-26', 3);
INSERT INTO resto_zasb.dbo.[Order] (order_id, order_date, employee_id) VALUES (91, N'2018-07-14', 9);
INSERT INTO resto_zasb.dbo.[Order] (order_id, order_date, employee_id) VALUES (92, N'2018-07-09', 7);
INSERT INTO resto_zasb.dbo.[Order] (order_id, order_date, employee_id) VALUES (93, N'2018-07-28', 11);
INSERT INTO resto_zasb.dbo.[Order] (order_id, order_date, employee_id) VALUES (94, N'2018-07-03', 9);
INSERT INTO resto_zasb.dbo.[Order] (order_id, order_date, employee_id) VALUES (95, N'2018-07-05', 11);
INSERT INTO resto_zasb.dbo.[Order] (order_id, order_date, employee_id) VALUES (96, N'2018-07-29', 4);
INSERT INTO resto_zasb.dbo.[Order] (order_id, order_date, employee_id) VALUES (97, N'2018-07-18', 9);
INSERT INTO resto_zasb.dbo.[Order] (order_id, order_date, employee_id) VALUES (98, N'2018-07-08', 7);
INSERT INTO resto_zasb.dbo.[Order] (order_id, order_date, employee_id) VALUES (99, N'2018-07-19', 6);
INSERT INTO resto_zasb.dbo.[Order] (order_id, order_date, employee_id) VALUES (100, N'2018-07-21', 4);
INSERT INTO resto_zasb.dbo.[Order] (order_id, order_date, employee_id) VALUES (101, N'2018-07-17', 10);
INSERT INTO resto_zasb.dbo.[Order] (order_id, order_date, employee_id) VALUES (102, N'2018-07-27', 10);
INSERT INTO resto_zasb.dbo.[Order] (order_id, order_date, employee_id) VALUES (103, N'2018-07-20', 7);
INSERT INTO resto_zasb.dbo.[Order] (order_id, order_date, employee_id) VALUES (104, N'2018-07-07', 3);
INSERT INTO resto_zasb.dbo.[Order] (order_id, order_date, employee_id) VALUES (105, N'2018-07-29', 8);
INSERT INTO resto_zasb.dbo.[Order] (order_id, order_date, employee_id) VALUES (106, N'2018-07-01', 12);
INSERT INTO resto_zasb.dbo.[Order] (order_id, order_date, employee_id) VALUES (107, N'2018-07-09', 11);
INSERT INTO resto_zasb.dbo.[Order] (order_id, order_date, employee_id) VALUES (108, N'2018-07-10', 5);
INSERT INTO resto_zasb.dbo.[Order] (order_id, order_date, employee_id) VALUES (109, N'2018-07-17', 10);
INSERT INTO resto_zasb.dbo.[Order] (order_id, order_date, employee_id) VALUES (110, N'2018-07-28', 9);
INSERT INTO resto_zasb.dbo.[Order] (order_id, order_date, employee_id) VALUES (111, N'2018-07-14', 7);
INSERT INTO resto_zasb.dbo.[Order] (order_id, order_date, employee_id) VALUES (112, N'2018-07-05', 7);
INSERT INTO resto_zasb.dbo.[Order] (order_id, order_date, employee_id) VALUES (113, N'2018-07-16', 4);
INSERT INTO resto_zasb.dbo.[Order] (order_id, order_date, employee_id) VALUES (114, N'2018-07-17', 6);
INSERT INTO resto_zasb.dbo.[Order] (order_id, order_date, employee_id) VALUES (115, N'2018-07-20', 12);
INSERT INTO resto_zasb.dbo.[Order] (order_id, order_date, employee_id) VALUES (116, N'2018-07-17', 8);
INSERT INTO resto_zasb.dbo.[Order] (order_id, order_date, employee_id) VALUES (117, N'2018-07-20', 8);
INSERT INTO resto_zasb.dbo.[Order] (order_id, order_date, employee_id) VALUES (118, N'2018-07-12', 11);
INSERT INTO resto_zasb.dbo.[Order] (order_id, order_date, employee_id) VALUES (119, N'2018-07-02', 7);
INSERT INTO resto_zasb.dbo.[Order] (order_id, order_date, employee_id) VALUES (120, N'2018-07-23', 6);
INSERT INTO resto_zasb.dbo.[Order] (order_id, order_date, employee_id) VALUES (121, N'2018-07-26', 6);
INSERT INTO resto_zasb.dbo.[Order] (order_id, order_date, employee_id) VALUES (122, N'2018-07-13', 6);
INSERT INTO resto_zasb.dbo.[Order] (order_id, order_date, employee_id) VALUES (123, N'2018-07-06', 9);
INSERT INTO resto_zasb.dbo.[Order] (order_id, order_date, employee_id) VALUES (124, N'2018-07-12', 12);
INSERT INTO resto_zasb.dbo.[Order] (order_id, order_date, employee_id) VALUES (125, N'2018-07-10', 3);
INSERT INTO resto_zasb.dbo.[Order] (order_id, order_date, employee_id) VALUES (126, N'2018-07-09', 11);
INSERT INTO resto_zasb.dbo.[Order] (order_id, order_date, employee_id) VALUES (127, N'2018-07-27', 5);
INSERT INTO resto_zasb.dbo.[Order] (order_id, order_date, employee_id) VALUES (128, N'2018-07-13', 11);
INSERT INTO resto_zasb.dbo.[Order] (order_id, order_date, employee_id) VALUES (129, N'2018-07-09', 8);
INSERT INTO resto_zasb.dbo.[Order] (order_id, order_date, employee_id) VALUES (130, N'2018-07-24', 11);
INSERT INTO resto_zasb.dbo.[Order] (order_id, order_date, employee_id) VALUES (131, N'2018-07-21', 6);
INSERT INTO resto_zasb.dbo.[Order] (order_id, order_date, employee_id) VALUES (132, N'2018-07-05', 12);
INSERT INTO resto_zasb.dbo.[Order] (order_id, order_date, employee_id) VALUES (133, N'2018-07-10', 4);
INSERT INTO resto_zasb.dbo.[Order] (order_id, order_date, employee_id) VALUES (134, N'2018-07-25', 4);
INSERT INTO resto_zasb.dbo.[Order] (order_id, order_date, employee_id) VALUES (135, N'2018-07-26', 8);
INSERT INTO resto_zasb.dbo.[Order] (order_id, order_date, employee_id) VALUES (136, N'2018-07-04', 12);
INSERT INTO resto_zasb.dbo.[Order] (order_id, order_date, employee_id) VALUES (137, N'2018-07-15', 6);
INSERT INTO resto_zasb.dbo.[Order] (order_id, order_date, employee_id) VALUES (138, N'2018-07-06', 7);
INSERT INTO resto_zasb.dbo.[Order] (order_id, order_date, employee_id) VALUES (139, N'2018-07-09', 12);
INSERT INTO resto_zasb.dbo.[Order] (order_id, order_date, employee_id) VALUES (140, N'2018-07-29', 6);
INSERT INTO resto_zasb.dbo.[Order] (order_id, order_date, employee_id) VALUES (141, N'2018-07-06', 6);
INSERT INTO resto_zasb.dbo.[Order] (order_id, order_date, employee_id) VALUES (142, N'2018-07-20', 9);
INSERT INTO resto_zasb.dbo.[Order] (order_id, order_date, employee_id) VALUES (143, N'2018-07-15', 9);
INSERT INTO resto_zasb.dbo.[Order] (order_id, order_date, employee_id) VALUES (144, N'2018-07-13', 6);
INSERT INTO resto_zasb.dbo.[Order] (order_id, order_date, employee_id) VALUES (145, N'2018-07-28', 4);
INSERT INTO resto_zasb.dbo.[Order] (order_id, order_date, employee_id) VALUES (146, N'2018-07-04', 9);
INSERT INTO resto_zasb.dbo.[Order] (order_id, order_date, employee_id) VALUES (147, N'2018-07-19', 11);
INSERT INTO resto_zasb.dbo.[Order] (order_id, order_date, employee_id) VALUES (148, N'2018-07-23', 4);
INSERT INTO resto_zasb.dbo.[Order] (order_id, order_date, employee_id) VALUES (149, N'2018-07-29', 8);
INSERT INTO resto_zasb.dbo.[Order] (order_id, order_date, employee_id) VALUES (150, N'2018-07-12', 7);
INSERT INTO resto_zasb.dbo.[Order] (order_id, order_date, employee_id) VALUES (151, N'2018-07-17', 8);
INSERT INTO resto_zasb.dbo.[Order] (order_id, order_date, employee_id) VALUES (152, N'2018-07-07', 5);
INSERT INTO resto_zasb.dbo.[Order] (order_id, order_date, employee_id) VALUES (153, N'2018-07-21', 4);
INSERT INTO resto_zasb.dbo.[Order] (order_id, order_date, employee_id) VALUES (154, N'2018-07-09', 11);
INSERT INTO resto_zasb.dbo.[Order] (order_id, order_date, employee_id) VALUES (155, N'2018-07-18', 3);
INSERT INTO resto_zasb.dbo.[Order] (order_id, order_date, employee_id) VALUES (156, N'2018-07-26', 6);
INSERT INTO resto_zasb.dbo.[Order] (order_id, order_date, employee_id) VALUES (157, N'2018-07-16', 10);
INSERT INTO resto_zasb.dbo.[Order] (order_id, order_date, employee_id) VALUES (158, N'2018-07-20', 3);
INSERT INTO resto_zasb.dbo.[Order] (order_id, order_date, employee_id) VALUES (159, N'2018-07-16', 6);
INSERT INTO resto_zasb.dbo.[Order] (order_id, order_date, employee_id) VALUES (160, N'2018-07-05', 10);
INSERT INTO resto_zasb.dbo.[Order] (order_id, order_date, employee_id) VALUES (161, N'2018-07-14', 5);
INSERT INTO resto_zasb.dbo.[Order] (order_id, order_date, employee_id) VALUES (162, N'2018-07-02', 4);
INSERT INTO resto_zasb.dbo.[Order] (order_id, order_date, employee_id) VALUES (163, N'2018-07-04', 4);
INSERT INTO resto_zasb.dbo.[Order] (order_id, order_date, employee_id) VALUES (164, N'2018-07-07', 5);
INSERT INTO resto_zasb.dbo.[Order] (order_id, order_date, employee_id) VALUES (165, N'2018-07-26', 12);
INSERT INTO resto_zasb.dbo.[Order] (order_id, order_date, employee_id) VALUES (166, N'2018-07-24', 5);
INSERT INTO resto_zasb.dbo.[Order] (order_id, order_date, employee_id) VALUES (167, N'2018-07-25', 11);
INSERT INTO resto_zasb.dbo.[Order] (order_id, order_date, employee_id) VALUES (168, N'2018-07-07', 12);
INSERT INTO resto_zasb.dbo.[Order] (order_id, order_date, employee_id) VALUES (169, N'2018-07-21', 7);
INSERT INTO resto_zasb.dbo.[Order] (order_id, order_date, employee_id) VALUES (170, N'2018-07-09', 7);
INSERT INTO resto_zasb.dbo.[Order] (order_id, order_date, employee_id) VALUES (171, N'2018-07-07', 10);
INSERT INTO resto_zasb.dbo.[Order] (order_id, order_date, employee_id) VALUES (172, N'2018-07-07', 5);
INSERT INTO resto_zasb.dbo.[Order] (order_id, order_date, employee_id) VALUES (173, N'2018-07-04', 4);
INSERT INTO resto_zasb.dbo.[Order] (order_id, order_date, employee_id) VALUES (174, N'2018-07-16', 12);
INSERT INTO resto_zasb.dbo.[Order] (order_id, order_date, employee_id) VALUES (175, N'2018-07-22', 4);
INSERT INTO resto_zasb.dbo.[Order] (order_id, order_date, employee_id) VALUES (176, N'2018-07-29', 12);
INSERT INTO resto_zasb.dbo.[Order] (order_id, order_date, employee_id) VALUES (177, N'2018-07-03', 4);
INSERT INTO resto_zasb.dbo.[Order] (order_id, order_date, employee_id) VALUES (178, N'2018-07-15', 5);
INSERT INTO resto_zasb.dbo.[Order] (order_id, order_date, employee_id) VALUES (179, N'2018-07-18', 9);
INSERT INTO resto_zasb.dbo.[Order] (order_id, order_date, employee_id) VALUES (180, N'2018-07-14', 11);
INSERT INTO resto_zasb.dbo.[Order] (order_id, order_date, employee_id) VALUES (181, N'2018-07-26', 11);
INSERT INTO resto_zasb.dbo.[Order] (order_id, order_date, employee_id) VALUES (182, N'2018-07-28', 4);
INSERT INTO resto_zasb.dbo.[Order] (order_id, order_date, employee_id) VALUES (183, N'2018-07-15', 7);
INSERT INTO resto_zasb.dbo.[Order] (order_id, order_date, employee_id) VALUES (184, N'2018-07-04', 10);
INSERT INTO resto_zasb.dbo.[Order] (order_id, order_date, employee_id) VALUES (185, N'2018-07-16', 12);
INSERT INTO resto_zasb.dbo.[Order] (order_id, order_date, employee_id) VALUES (186, N'2018-07-11', 5);
INSERT INTO resto_zasb.dbo.[Order] (order_id, order_date, employee_id) VALUES (187, N'2018-07-01', 4);
INSERT INTO resto_zasb.dbo.[Order] (order_id, order_date, employee_id) VALUES (188, N'2018-07-03', 7);
INSERT INTO resto_zasb.dbo.[Order] (order_id, order_date, employee_id) VALUES (189, N'2018-07-05', 6);
INSERT INTO resto_zasb.dbo.[Order] (order_id, order_date, employee_id) VALUES (190, N'2018-07-08', 7);
INSERT INTO resto_zasb.dbo.[Order] (order_id, order_date, employee_id) VALUES (191, N'2018-07-07', 3);
INSERT INTO resto_zasb.dbo.[Order] (order_id, order_date, employee_id) VALUES (192, N'2018-07-29', 8);
INSERT INTO resto_zasb.dbo.[Order] (order_id, order_date, employee_id) VALUES (193, N'2018-07-04', 8);
INSERT INTO resto_zasb.dbo.[Order] (order_id, order_date, employee_id) VALUES (194, N'2018-07-27', 7);
INSERT INTO resto_zasb.dbo.[Order] (order_id, order_date, employee_id) VALUES (195, N'2018-07-25', 3);
INSERT INTO resto_zasb.dbo.[Order] (order_id, order_date, employee_id) VALUES (196, N'2018-07-03', 4);
INSERT INTO resto_zasb.dbo.[Order] (order_id, order_date, employee_id) VALUES (197, N'2018-07-07', 10);
INSERT INTO resto_zasb.dbo.[Order] (order_id, order_date, employee_id) VALUES (198, N'2018-07-16', 3);
INSERT INTO resto_zasb.dbo.[Order] (order_id, order_date, employee_id) VALUES (199, N'2018-07-04', 12);
INSERT INTO resto_zasb.dbo.[Order] (order_id, order_date, employee_id) VALUES (200, N'2018-07-28', 12);
INSERT INTO resto_zasb.dbo.[Order] (order_id, order_date, employee_id) VALUES (201, N'2018-07-18', 9);
INSERT INTO resto_zasb.dbo.[Order] (order_id, order_date, employee_id) VALUES (202, N'2018-07-22', 10);
INSERT INTO resto_zasb.dbo.[Order] (order_id, order_date, employee_id) VALUES (203, N'2018-07-13', 5);
INSERT INTO resto_zasb.dbo.[Order] (order_id, order_date, employee_id) VALUES (204, N'2018-07-26', 5);
INSERT INTO resto_zasb.dbo.[Order] (order_id, order_date, employee_id) VALUES (205, N'2018-07-17', 3);
INSERT INTO resto_zasb.dbo.[Order] (order_id, order_date, employee_id) VALUES (206, N'2018-07-17', 7);
INSERT INTO resto_zasb.dbo.[Order] (order_id, order_date, employee_id) VALUES (207, N'2018-07-26', 8);
INSERT INTO resto_zasb.dbo.[Order] (order_id, order_date, employee_id) VALUES (208, N'2018-07-14', 3);
INSERT INTO resto_zasb.dbo.[Order] (order_id, order_date, employee_id) VALUES (209, N'2018-07-23', 8);
INSERT INTO resto_zasb.dbo.[Order] (order_id, order_date, employee_id) VALUES (210, N'2018-07-16', 5);
INSERT INTO resto_zasb.dbo.[Order] (order_id, order_date, employee_id) VALUES (211, N'2018-07-22', 3);
INSERT INTO resto_zasb.dbo.[Order] (order_id, order_date, employee_id) VALUES (212, N'2018-07-23', 10);
INSERT INTO resto_zasb.dbo.[Order] (order_id, order_date, employee_id) VALUES (213, N'2018-07-02', 8);
INSERT INTO resto_zasb.dbo.[Order] (order_id, order_date, employee_id) VALUES (214, N'2018-07-11', 7);
INSERT INTO resto_zasb.dbo.[Order] (order_id, order_date, employee_id) VALUES (215, N'2018-07-07', 11);
INSERT INTO resto_zasb.dbo.[Order] (order_id, order_date, employee_id) VALUES (216, N'2018-07-16', 4);
INSERT INTO resto_zasb.dbo.[Order] (order_id, order_date, employee_id) VALUES (217, N'2018-07-10', 7);
INSERT INTO resto_zasb.dbo.[Order] (order_id, order_date, employee_id) VALUES (218, N'2018-07-22', 10);
INSERT INTO resto_zasb.dbo.[Order] (order_id, order_date, employee_id) VALUES (219, N'2018-07-18', 8);
INSERT INTO resto_zasb.dbo.[Order] (order_id, order_date, employee_id) VALUES (220, N'2018-07-13', 5);
INSERT INTO resto_zasb.dbo.[Order] (order_id, order_date, employee_id) VALUES (221, N'2018-07-21', 9);
INSERT INTO resto_zasb.dbo.[Order] (order_id, order_date, employee_id) VALUES (222, N'2018-07-11', 8);
INSERT INTO resto_zasb.dbo.[Order] (order_id, order_date, employee_id) VALUES (223, N'2018-07-24', 3);
INSERT INTO resto_zasb.dbo.[Order] (order_id, order_date, employee_id) VALUES (224, N'2018-07-28', 5);
INSERT INTO resto_zasb.dbo.[Order] (order_id, order_date, employee_id) VALUES (225, N'2018-07-19', 7);
INSERT INTO resto_zasb.dbo.[Order] (order_id, order_date, employee_id) VALUES (226, N'2018-07-13', 9);
INSERT INTO resto_zasb.dbo.[Order] (order_id, order_date, employee_id) VALUES (227, N'2018-07-08', 9);
INSERT INTO resto_zasb.dbo.[Order] (order_id, order_date, employee_id) VALUES (228, N'2018-07-13', 12);
INSERT INTO resto_zasb.dbo.[Order] (order_id, order_date, employee_id) VALUES (229, N'2018-07-29', 11);
INSERT INTO resto_zasb.dbo.[Order] (order_id, order_date, employee_id) VALUES (230, N'2018-07-08', 10);
INSERT INTO resto_zasb.dbo.[Order] (order_id, order_date, employee_id) VALUES (231, N'2018-07-06', 6);
INSERT INTO resto_zasb.dbo.[Order] (order_id, order_date, employee_id) VALUES (232, N'2018-07-20', 4);
INSERT INTO resto_zasb.dbo.[Order] (order_id, order_date, employee_id) VALUES (233, N'2018-07-03', 5);
INSERT INTO resto_zasb.dbo.[Order] (order_id, order_date, employee_id) VALUES (234, N'2018-07-12', 5);
INSERT INTO resto_zasb.dbo.[Order] (order_id, order_date, employee_id) VALUES (235, N'2018-07-11', 11);
INSERT INTO resto_zasb.dbo.[Order] (order_id, order_date, employee_id) VALUES (236, N'2018-07-15', 5);
INSERT INTO resto_zasb.dbo.[Order] (order_id, order_date, employee_id) VALUES (237, N'2018-07-05', 6);
INSERT INTO resto_zasb.dbo.[Order] (order_id, order_date, employee_id) VALUES (238, N'2018-07-21', 3);
INSERT INTO resto_zasb.dbo.[Order] (order_id, order_date, employee_id) VALUES (239, N'2018-07-27', 8);
INSERT INTO resto_zasb.dbo.[Order] (order_id, order_date, employee_id) VALUES (240, N'2018-07-05', 5);
INSERT INTO resto_zasb.dbo.[Order] (order_id, order_date, employee_id) VALUES (241, N'2018-07-23', 12);
INSERT INTO resto_zasb.dbo.[Order] (order_id, order_date, employee_id) VALUES (242, N'2018-07-24', 12);
INSERT INTO resto_zasb.dbo.[Order] (order_id, order_date, employee_id) VALUES (243, N'2018-07-17', 12);
INSERT INTO resto_zasb.dbo.[Order] (order_id, order_date, employee_id) VALUES (244, N'2018-07-16', 8);
INSERT INTO resto_zasb.dbo.[Order] (order_id, order_date, employee_id) VALUES (245, N'2018-07-10', 12);
INSERT INTO resto_zasb.dbo.[Order] (order_id, order_date, employee_id) VALUES (246, N'2018-07-22', 4);
INSERT INTO resto_zasb.dbo.[Order] (order_id, order_date, employee_id) VALUES (247, N'2018-07-21', 8);
INSERT INTO resto_zasb.dbo.[Order] (order_id, order_date, employee_id) VALUES (248, N'2018-07-03', 5);
INSERT INTO resto_zasb.dbo.[Order] (order_id, order_date, employee_id) VALUES (249, N'2018-07-20', 3);
INSERT INTO resto_zasb.dbo.[Order] (order_id, order_date, employee_id) VALUES (250, N'2018-07-29', 4);
INSERT INTO resto_zasb.dbo.[Order] (order_id, order_date, employee_id) VALUES (251, N'2018-07-24', 3);
INSERT INTO resto_zasb.dbo.[Order] (order_id, order_date, employee_id) VALUES (252, N'2018-07-24', 4);
INSERT INTO resto_zasb.dbo.[Order] (order_id, order_date, employee_id) VALUES (253, N'2018-07-02', 3);
INSERT INTO resto_zasb.dbo.[Order] (order_id, order_date, employee_id) VALUES (254, N'2018-07-07', 9);
INSERT INTO resto_zasb.dbo.[Order] (order_id, order_date, employee_id) VALUES (255, N'2018-07-13', 6);
INSERT INTO resto_zasb.dbo.[Order] (order_id, order_date, employee_id) VALUES (256, N'2018-07-19', 12);
INSERT INTO resto_zasb.dbo.[Order] (order_id, order_date, employee_id) VALUES (257, N'2018-07-22', 7);
INSERT INTO resto_zasb.dbo.[Order] (order_id, order_date, employee_id) VALUES (258, N'2018-07-04', 8);
INSERT INTO resto_zasb.dbo.[Order] (order_id, order_date, employee_id) VALUES (259, N'2018-07-28', 5);
INSERT INTO resto_zasb.dbo.[Order] (order_id, order_date, employee_id) VALUES (260, N'2018-07-16', 3);
INSERT INTO resto_zasb.dbo.[Order] (order_id, order_date, employee_id) VALUES (261, N'2018-07-04', 12);
INSERT INTO resto_zasb.dbo.[Order] (order_id, order_date, employee_id) VALUES (262, N'2018-07-06', 7);
INSERT INTO resto_zasb.dbo.[Order] (order_id, order_date, employee_id) VALUES (263, N'2018-07-10', 9);
INSERT INTO resto_zasb.dbo.[Order] (order_id, order_date, employee_id) VALUES (264, N'2018-07-02', 3);
INSERT INTO resto_zasb.dbo.[Order] (order_id, order_date, employee_id) VALUES (265, N'2018-07-16', 7);
INSERT INTO resto_zasb.dbo.[Order] (order_id, order_date, employee_id) VALUES (266, N'2018-07-19', 7);
INSERT INTO resto_zasb.dbo.[Order] (order_id, order_date, employee_id) VALUES (267, N'2018-07-04', 9);
INSERT INTO resto_zasb.dbo.[Order] (order_id, order_date, employee_id) VALUES (268, N'2018-07-22', 9);
INSERT INTO resto_zasb.dbo.[Order] (order_id, order_date, employee_id) VALUES (269, N'2018-07-16', 4);
INSERT INTO resto_zasb.dbo.[Order] (order_id, order_date, employee_id) VALUES (270, N'2018-07-22', 8);
INSERT INTO resto_zasb.dbo.[Order] (order_id, order_date, employee_id) VALUES (271, N'2018-07-23', 8);
INSERT INTO resto_zasb.dbo.[Order] (order_id, order_date, employee_id) VALUES (272, N'2018-07-10', 6);
INSERT INTO resto_zasb.dbo.[Order] (order_id, order_date, employee_id) VALUES (273, N'2018-07-19', 8);
INSERT INTO resto_zasb.dbo.[Order] (order_id, order_date, employee_id) VALUES (274, N'2018-07-09', 8);
INSERT INTO resto_zasb.dbo.[Order] (order_id, order_date, employee_id) VALUES (275, N'2018-07-27', 6);
INSERT INTO resto_zasb.dbo.[Order] (order_id, order_date, employee_id) VALUES (276, N'2018-07-27', 6);
INSERT INTO resto_zasb.dbo.[Order] (order_id, order_date, employee_id) VALUES (277, N'2018-07-25', 10);
INSERT INTO resto_zasb.dbo.[Order] (order_id, order_date, employee_id) VALUES (278, N'2018-07-24', 9);
INSERT INTO resto_zasb.dbo.[Order] (order_id, order_date, employee_id) VALUES (279, N'2018-07-03', 10);
INSERT INTO resto_zasb.dbo.[Order] (order_id, order_date, employee_id) VALUES (280, N'2018-07-15', 11);
INSERT INTO resto_zasb.dbo.[Order] (order_id, order_date, employee_id) VALUES (281, N'2018-07-15', 10);
INSERT INTO resto_zasb.dbo.[Order] (order_id, order_date, employee_id) VALUES (282, N'2018-07-07', 3);
INSERT INTO resto_zasb.dbo.[Order] (order_id, order_date, employee_id) VALUES (283, N'2018-07-06', 7);
INSERT INTO resto_zasb.dbo.[Order] (order_id, order_date, employee_id) VALUES (284, N'2018-07-12', 8);
INSERT INTO resto_zasb.dbo.[Order] (order_id, order_date, employee_id) VALUES (285, N'2018-07-27', 8);
INSERT INTO resto_zasb.dbo.[Order] (order_id, order_date, employee_id) VALUES (286, N'2018-07-01', 11);
INSERT INTO resto_zasb.dbo.[Order] (order_id, order_date, employee_id) VALUES (287, N'2018-07-06', 6);
INSERT INTO resto_zasb.dbo.[Order] (order_id, order_date, employee_id) VALUES (288, N'2018-07-06', 11);
INSERT INTO resto_zasb.dbo.[Order] (order_id, order_date, employee_id) VALUES (289, N'2018-07-07', 8);
INSERT INTO resto_zasb.dbo.[Order] (order_id, order_date, employee_id) VALUES (290, N'2018-07-09', 7);
INSERT INTO resto_zasb.dbo.[Order] (order_id, order_date, employee_id) VALUES (291, N'2018-07-16', 6);
INSERT INTO resto_zasb.dbo.[Order] (order_id, order_date, employee_id) VALUES (292, N'2018-07-12', 10);
INSERT INTO resto_zasb.dbo.[Order] (order_id, order_date, employee_id) VALUES (293, N'2018-07-01', 12);
INSERT INTO resto_zasb.dbo.[Order] (order_id, order_date, employee_id) VALUES (294, N'2018-07-12', 10);
INSERT INTO resto_zasb.dbo.[Order] (order_id, order_date, employee_id) VALUES (295, N'2018-07-09', 5);
INSERT INTO resto_zasb.dbo.[Order] (order_id, order_date, employee_id) VALUES (296, N'2018-07-02', 4);
INSERT INTO resto_zasb.dbo.[Order] (order_id, order_date, employee_id) VALUES (297, N'2018-07-12', 11);
INSERT INTO resto_zasb.dbo.[Order] (order_id, order_date, employee_id) VALUES (298, N'2018-07-11', 4);
INSERT INTO resto_zasb.dbo.[Order] (order_id, order_date, employee_id) VALUES (299, N'2018-07-08', 11);
INSERT INTO resto_zasb.dbo.[Order] (order_id, order_date, employee_id) VALUES (300, N'2018-07-05', 9);
INSERT INTO resto_zasb.dbo.[Order] (order_id, order_date, employee_id) VALUES (301, N'2018-07-05', 12);
INSERT INTO resto_zasb.dbo.[Order] (order_id, order_date, employee_id) VALUES (302, N'2018-07-05', 3);
INSERT INTO resto_zasb.dbo.[Order] (order_id, order_date, employee_id) VALUES (303, N'2018-07-18', 11);
INSERT INTO resto_zasb.dbo.[Order] (order_id, order_date, employee_id) VALUES (304, N'2018-07-20', 4);
INSERT INTO resto_zasb.dbo.[Order] (order_id, order_date, employee_id) VALUES (305, N'2018-07-02', 11);
INSERT INTO resto_zasb.dbo.[Order] (order_id, order_date, employee_id) VALUES (306, N'2018-07-01', 3);
INSERT INTO resto_zasb.dbo.[Order] (order_id, order_date, employee_id) VALUES (307, N'2018-07-08', 6);
INSERT INTO resto_zasb.dbo.[Order] (order_id, order_date, employee_id) VALUES (308, N'2018-07-05', 11);
INSERT INTO resto_zasb.dbo.[Order] (order_id, order_date, employee_id) VALUES (309, N'2018-07-23', 4);
INSERT INTO resto_zasb.dbo.[Order] (order_id, order_date, employee_id) VALUES (310, N'2018-07-24', 3);
INSERT INTO resto_zasb.dbo.[Order] (order_id, order_date, employee_id) VALUES (311, N'2018-07-05', 11);
INSERT INTO resto_zasb.dbo.[Order] (order_id, order_date, employee_id) VALUES (312, N'2018-07-11', 11);
INSERT INTO resto_zasb.dbo.[Order] (order_id, order_date, employee_id) VALUES (313, N'2018-07-23', 8);
INSERT INTO resto_zasb.dbo.[Order] (order_id, order_date, employee_id) VALUES (314, N'2018-07-23', 7);
INSERT INTO resto_zasb.dbo.[Order] (order_id, order_date, employee_id) VALUES (315, N'2018-07-02', 5);
INSERT INTO resto_zasb.dbo.[Order] (order_id, order_date, employee_id) VALUES (316, N'2018-07-02', 8);
INSERT INTO resto_zasb.dbo.[Order] (order_id, order_date, employee_id) VALUES (317, N'2018-07-18', 5);
INSERT INTO resto_zasb.dbo.[Order] (order_id, order_date, employee_id) VALUES (318, N'2018-07-23', 3);
INSERT INTO resto_zasb.dbo.[Order] (order_id, order_date, employee_id) VALUES (319, N'2018-07-05', 6);
INSERT INTO resto_zasb.dbo.[Order] (order_id, order_date, employee_id) VALUES (320, N'2018-07-24', 11);
INSERT INTO resto_zasb.dbo.[Order] (order_id, order_date, employee_id) VALUES (321, N'2018-07-13', 12);
INSERT INTO resto_zasb.dbo.[Order] (order_id, order_date, employee_id) VALUES (322, N'2018-07-25', 9);
INSERT INTO resto_zasb.dbo.[Order] (order_id, order_date, employee_id) VALUES (323, N'2018-07-04', 3);
INSERT INTO resto_zasb.dbo.[Order] (order_id, order_date, employee_id) VALUES (324, N'2018-07-17', 6);
INSERT INTO resto_zasb.dbo.[Order] (order_id, order_date, employee_id) VALUES (325, N'2018-07-18', 12);
INSERT INTO resto_zasb.dbo.[Order] (order_id, order_date, employee_id) VALUES (326, N'2018-07-28', 4);
INSERT INTO resto_zasb.dbo.[Order] (order_id, order_date, employee_id) VALUES (327, N'2018-07-02', 3);
INSERT INTO resto_zasb.dbo.[Order] (order_id, order_date, employee_id) VALUES (328, N'2018-07-26', 8);
INSERT INTO resto_zasb.dbo.[Order] (order_id, order_date, employee_id) VALUES (329, N'2018-07-07', 3);
INSERT INTO resto_zasb.dbo.[Order] (order_id, order_date, employee_id) VALUES (330, N'2018-07-28', 6);
INSERT INTO resto_zasb.dbo.[Order] (order_id, order_date, employee_id) VALUES (331, N'2018-07-18', 10);
INSERT INTO resto_zasb.dbo.[Order] (order_id, order_date, employee_id) VALUES (332, N'2018-07-04', 12);
INSERT INTO resto_zasb.dbo.[Order] (order_id, order_date, employee_id) VALUES (333, N'2018-07-25', 12);
INSERT INTO resto_zasb.dbo.[Order] (order_id, order_date, employee_id) VALUES (334, N'2018-07-01', 12);
INSERT INTO resto_zasb.dbo.[Order] (order_id, order_date, employee_id) VALUES (335, N'2018-07-29', 5);
INSERT INTO resto_zasb.dbo.[Order] (order_id, order_date, employee_id) VALUES (336, N'2018-07-11', 7);
INSERT INTO resto_zasb.dbo.[Order] (order_id, order_date, employee_id) VALUES (337, N'2018-07-02', 5);
INSERT INTO resto_zasb.dbo.[Order] (order_id, order_date, employee_id) VALUES (338, N'2018-07-08', 4);
INSERT INTO resto_zasb.dbo.[Order] (order_id, order_date, employee_id) VALUES (339, N'2018-07-27', 6);
INSERT INTO resto_zasb.dbo.[Order] (order_id, order_date, employee_id) VALUES (340, N'2018-07-17', 7);
INSERT INTO resto_zasb.dbo.[Order] (order_id, order_date, employee_id) VALUES (341, N'2018-07-16', 6);
INSERT INTO resto_zasb.dbo.[Order] (order_id, order_date, employee_id) VALUES (342, N'2018-07-08', 5);
INSERT INTO resto_zasb.dbo.[Order] (order_id, order_date, employee_id) VALUES (343, N'2018-07-05', 3);
INSERT INTO resto_zasb.dbo.[Order] (order_id, order_date, employee_id) VALUES (344, N'2018-07-17', 11);
INSERT INTO resto_zasb.dbo.[Order] (order_id, order_date, employee_id) VALUES (345, N'2018-07-25', 11);
INSERT INTO resto_zasb.dbo.[Order] (order_id, order_date, employee_id) VALUES (346, N'2018-07-22', 12);
INSERT INTO resto_zasb.dbo.[Order] (order_id, order_date, employee_id) VALUES (347, N'2018-07-19', 3);
INSERT INTO resto_zasb.dbo.[Order] (order_id, order_date, employee_id) VALUES (348, N'2018-07-25', 9);
INSERT INTO resto_zasb.dbo.[Order] (order_id, order_date, employee_id) VALUES (349, N'2018-07-24', 6);
INSERT INTO resto_zasb.dbo.[Order] (order_id, order_date, employee_id) VALUES (350, N'2018-07-23', 6);
INSERT INTO resto_zasb.dbo.[Order] (order_id, order_date, employee_id) VALUES (351, N'2018-07-24', 4);
INSERT INTO resto_zasb.dbo.[Order] (order_id, order_date, employee_id) VALUES (352, N'2018-07-28', 5);
INSERT INTO resto_zasb.dbo.[Order] (order_id, order_date, employee_id) VALUES (353, N'2018-07-22', 8);
INSERT INTO resto_zasb.dbo.[Order] (order_id, order_date, employee_id) VALUES (354, N'2018-07-18', 8);
INSERT INTO resto_zasb.dbo.[Order] (order_id, order_date, employee_id) VALUES (355, N'2018-07-24', 3);
INSERT INTO resto_zasb.dbo.[Order] (order_id, order_date, employee_id) VALUES (356, N'2018-07-23', 9);
INSERT INTO resto_zasb.dbo.[Order] (order_id, order_date, employee_id) VALUES (357, N'2018-07-20', 4);
INSERT INTO resto_zasb.dbo.[Order] (order_id, order_date, employee_id) VALUES (358, N'2018-07-28', 9);
INSERT INTO resto_zasb.dbo.[Order] (order_id, order_date, employee_id) VALUES (359, N'2018-07-10', 9);
INSERT INTO resto_zasb.dbo.[Order] (order_id, order_date, employee_id) VALUES (360, N'2018-07-29', 7);
INSERT INTO resto_zasb.dbo.[Order] (order_id, order_date, employee_id) VALUES (361, N'2018-07-06', 12);
INSERT INTO resto_zasb.dbo.[Order] (order_id, order_date, employee_id) VALUES (362, N'2018-07-09', 8);
INSERT INTO resto_zasb.dbo.[Order] (order_id, order_date, employee_id) VALUES (363, N'2018-07-07', 9);
INSERT INTO resto_zasb.dbo.[Order] (order_id, order_date, employee_id) VALUES (364, N'2018-07-12', 3);
INSERT INTO resto_zasb.dbo.[Order] (order_id, order_date, employee_id) VALUES (365, N'2018-07-12', 8);
INSERT INTO resto_zasb.dbo.[Order] (order_id, order_date, employee_id) VALUES (366, N'2018-07-25', 6);
INSERT INTO resto_zasb.dbo.[Order] (order_id, order_date, employee_id) VALUES (367, N'2018-07-25', 4);
INSERT INTO resto_zasb.dbo.[Order] (order_id, order_date, employee_id) VALUES (368, N'2018-07-17', 11);
INSERT INTO resto_zasb.dbo.[Order] (order_id, order_date, employee_id) VALUES (369, N'2018-07-11', 10);
INSERT INTO resto_zasb.dbo.[Order] (order_id, order_date, employee_id) VALUES (370, N'2018-07-19', 11);
INSERT INTO resto_zasb.dbo.[Order] (order_id, order_date, employee_id) VALUES (371, N'2018-07-25', 11);
INSERT INTO resto_zasb.dbo.[Order] (order_id, order_date, employee_id) VALUES (372, N'2018-07-15', 7);
INSERT INTO resto_zasb.dbo.[Order] (order_id, order_date, employee_id) VALUES (373, N'2018-07-25', 5);
INSERT INTO resto_zasb.dbo.[Order] (order_id, order_date, employee_id) VALUES (374, N'2018-07-03', 3);
INSERT INTO resto_zasb.dbo.[Order] (order_id, order_date, employee_id) VALUES (375, N'2018-07-21', 12);
INSERT INTO resto_zasb.dbo.[Order] (order_id, order_date, employee_id) VALUES (376, N'2018-07-10', 12);
INSERT INTO resto_zasb.dbo.[Order] (order_id, order_date, employee_id) VALUES (377, N'2018-07-26', 10);
INSERT INTO resto_zasb.dbo.[Order] (order_id, order_date, employee_id) VALUES (378, N'2018-07-28', 4);
INSERT INTO resto_zasb.dbo.[Order] (order_id, order_date, employee_id) VALUES (379, N'2018-07-12', 11);
INSERT INTO resto_zasb.dbo.[Order] (order_id, order_date, employee_id) VALUES (380, N'2018-07-20', 6);
INSERT INTO resto_zasb.dbo.[Order] (order_id, order_date, employee_id) VALUES (381, N'2018-07-12', 12);
INSERT INTO resto_zasb.dbo.[Order] (order_id, order_date, employee_id) VALUES (382, N'2018-07-14', 6);
INSERT INTO resto_zasb.dbo.[Order] (order_id, order_date, employee_id) VALUES (383, N'2018-07-15', 6);
INSERT INTO resto_zasb.dbo.[Order] (order_id, order_date, employee_id) VALUES (384, N'2018-07-15', 8);



INSERT INTO resto_zasb.dbo.[Order/Dish] (dish_id, order_id) VALUES (11, 215);
INSERT INTO resto_zasb.dbo.[Order/Dish] (dish_id, order_id) VALUES (48, 215);
INSERT INTO resto_zasb.dbo.[Order/Dish] (dish_id, order_id) VALUES (45, 216);
INSERT INTO resto_zasb.dbo.[Order/Dish] (dish_id, order_id) VALUES (48, 217);
INSERT INTO resto_zasb.dbo.[Order/Dish] (dish_id, order_id) VALUES (38, 217);
INSERT INTO resto_zasb.dbo.[Order/Dish] (dish_id, order_id) VALUES (0, 217);
INSERT INTO resto_zasb.dbo.[Order/Dish] (dish_id, order_id) VALUES (14, 217);
INSERT INTO resto_zasb.dbo.[Order/Dish] (dish_id, order_id) VALUES (34, 218);
INSERT INTO resto_zasb.dbo.[Order/Dish] (dish_id, order_id) VALUES (14, 219);
INSERT INTO resto_zasb.dbo.[Order/Dish] (dish_id, order_id) VALUES (39, 219);
INSERT INTO resto_zasb.dbo.[Order/Dish] (dish_id, order_id) VALUES (20, 219);
INSERT INTO resto_zasb.dbo.[Order/Dish] (dish_id, order_id) VALUES (25, 219);
INSERT INTO resto_zasb.dbo.[Order/Dish] (dish_id, order_id) VALUES (39, 219);
INSERT INTO resto_zasb.dbo.[Order/Dish] (dish_id, order_id) VALUES (22, 220);
INSERT INTO resto_zasb.dbo.[Order/Dish] (dish_id, order_id) VALUES (45, 221);
INSERT INTO resto_zasb.dbo.[Order/Dish] (dish_id, order_id) VALUES (32, 222);
INSERT INTO resto_zasb.dbo.[Order/Dish] (dish_id, order_id) VALUES (2, 222);
INSERT INTO resto_zasb.dbo.[Order/Dish] (dish_id, order_id) VALUES (21, 222);
INSERT INTO resto_zasb.dbo.[Order/Dish] (dish_id, order_id) VALUES (48, 222);
INSERT INTO resto_zasb.dbo.[Order/Dish] (dish_id, order_id) VALUES (40, 222);
INSERT INTO resto_zasb.dbo.[Order/Dish] (dish_id, order_id) VALUES (39, 223);
INSERT INTO resto_zasb.dbo.[Order/Dish] (dish_id, order_id) VALUES (35, 223);
INSERT INTO resto_zasb.dbo.[Order/Dish] (dish_id, order_id) VALUES (26, 223);
INSERT INTO resto_zasb.dbo.[Order/Dish] (dish_id, order_id) VALUES (38, 223);
INSERT INTO resto_zasb.dbo.[Order/Dish] (dish_id, order_id) VALUES (10, 223);
INSERT INTO resto_zasb.dbo.[Order/Dish] (dish_id, order_id) VALUES (20, 224);
INSERT INTO resto_zasb.dbo.[Order/Dish] (dish_id, order_id) VALUES (21, 224);
INSERT INTO resto_zasb.dbo.[Order/Dish] (dish_id, order_id) VALUES (8, 224);
INSERT INTO resto_zasb.dbo.[Order/Dish] (dish_id, order_id) VALUES (40, 225);
INSERT INTO resto_zasb.dbo.[Order/Dish] (dish_id, order_id) VALUES (11, 225);
INSERT INTO resto_zasb.dbo.[Order/Dish] (dish_id, order_id) VALUES (46, 226);
INSERT INTO resto_zasb.dbo.[Order/Dish] (dish_id, order_id) VALUES (15, 226);
INSERT INTO resto_zasb.dbo.[Order/Dish] (dish_id, order_id) VALUES (46, 226);
INSERT INTO resto_zasb.dbo.[Order/Dish] (dish_id, order_id) VALUES (23, 227);
INSERT INTO resto_zasb.dbo.[Order/Dish] (dish_id, order_id) VALUES (46, 228);
INSERT INTO resto_zasb.dbo.[Order/Dish] (dish_id, order_id) VALUES (43, 228);
INSERT INTO resto_zasb.dbo.[Order/Dish] (dish_id, order_id) VALUES (29, 228);
INSERT INTO resto_zasb.dbo.[Order/Dish] (dish_id, order_id) VALUES (38, 229);
INSERT INTO resto_zasb.dbo.[Order/Dish] (dish_id, order_id) VALUES (42, 229);
INSERT INTO resto_zasb.dbo.[Order/Dish] (dish_id, order_id) VALUES (15, 229);
INSERT INTO resto_zasb.dbo.[Order/Dish] (dish_id, order_id) VALUES (41, 229);
INSERT INTO resto_zasb.dbo.[Order/Dish] (dish_id, order_id) VALUES (30, 230);
INSERT INTO resto_zasb.dbo.[Order/Dish] (dish_id, order_id) VALUES (47, 230);
INSERT INTO resto_zasb.dbo.[Order/Dish] (dish_id, order_id) VALUES (31, 231);
INSERT INTO resto_zasb.dbo.[Order/Dish] (dish_id, order_id) VALUES (30, 231);
INSERT INTO resto_zasb.dbo.[Order/Dish] (dish_id, order_id) VALUES (28, 231);
INSERT INTO resto_zasb.dbo.[Order/Dish] (dish_id, order_id) VALUES (47, 231);
INSERT INTO resto_zasb.dbo.[Order/Dish] (dish_id, order_id) VALUES (4, 231);
INSERT INTO resto_zasb.dbo.[Order/Dish] (dish_id, order_id) VALUES (19, 232);
INSERT INTO resto_zasb.dbo.[Order/Dish] (dish_id, order_id) VALUES (18, 232);
INSERT INTO resto_zasb.dbo.[Order/Dish] (dish_id, order_id) VALUES (27, 233);
INSERT INTO resto_zasb.dbo.[Order/Dish] (dish_id, order_id) VALUES (12, 233);
INSERT INTO resto_zasb.dbo.[Order/Dish] (dish_id, order_id) VALUES (32, 233);
INSERT INTO resto_zasb.dbo.[Order/Dish] (dish_id, order_id) VALUES (0, 233);
INSERT INTO resto_zasb.dbo.[Order/Dish] (dish_id, order_id) VALUES (45, 234);
INSERT INTO resto_zasb.dbo.[Order/Dish] (dish_id, order_id) VALUES (18, 235);
INSERT INTO resto_zasb.dbo.[Order/Dish] (dish_id, order_id) VALUES (4, 235);
INSERT INTO resto_zasb.dbo.[Order/Dish] (dish_id, order_id) VALUES (32, 236);
INSERT INTO resto_zasb.dbo.[Order/Dish] (dish_id, order_id) VALUES (14, 236);
INSERT INTO resto_zasb.dbo.[Order/Dish] (dish_id, order_id) VALUES (18, 236);
INSERT INTO resto_zasb.dbo.[Order/Dish] (dish_id, order_id) VALUES (42, 236);
INSERT INTO resto_zasb.dbo.[Order/Dish] (dish_id, order_id) VALUES (5, 236);
INSERT INTO resto_zasb.dbo.[Order/Dish] (dish_id, order_id) VALUES (20, 237);
INSERT INTO resto_zasb.dbo.[Order/Dish] (dish_id, order_id) VALUES (44, 238);
INSERT INTO resto_zasb.dbo.[Order/Dish] (dish_id, order_id) VALUES (34, 239);
INSERT INTO resto_zasb.dbo.[Order/Dish] (dish_id, order_id) VALUES (2, 239);
INSERT INTO resto_zasb.dbo.[Order/Dish] (dish_id, order_id) VALUES (11, 239);
INSERT INTO resto_zasb.dbo.[Order/Dish] (dish_id, order_id) VALUES (24, 239);
INSERT INTO resto_zasb.dbo.[Order/Dish] (dish_id, order_id) VALUES (47, 240);
INSERT INTO resto_zasb.dbo.[Order/Dish] (dish_id, order_id) VALUES (28, 240);
INSERT INTO resto_zasb.dbo.[Order/Dish] (dish_id, order_id) VALUES (22, 241);
INSERT INTO resto_zasb.dbo.[Order/Dish] (dish_id, order_id) VALUES (6, 241);
INSERT INTO resto_zasb.dbo.[Order/Dish] (dish_id, order_id) VALUES (35, 241);
INSERT INTO resto_zasb.dbo.[Order/Dish] (dish_id, order_id) VALUES (3, 242);
INSERT INTO resto_zasb.dbo.[Order/Dish] (dish_id, order_id) VALUES (21, 242);
INSERT INTO resto_zasb.dbo.[Order/Dish] (dish_id, order_id) VALUES (0, 242);
INSERT INTO resto_zasb.dbo.[Order/Dish] (dish_id, order_id) VALUES (15, 242);
INSERT INTO resto_zasb.dbo.[Order/Dish] (dish_id, order_id) VALUES (2, 242);
INSERT INTO resto_zasb.dbo.[Order/Dish] (dish_id, order_id) VALUES (20, 243);
INSERT INTO resto_zasb.dbo.[Order/Dish] (dish_id, order_id) VALUES (12, 244);
INSERT INTO resto_zasb.dbo.[Order/Dish] (dish_id, order_id) VALUES (48, 244);
INSERT INTO resto_zasb.dbo.[Order/Dish] (dish_id, order_id) VALUES (27, 245);
INSERT INTO resto_zasb.dbo.[Order/Dish] (dish_id, order_id) VALUES (40, 246);
INSERT INTO resto_zasb.dbo.[Order/Dish] (dish_id, order_id) VALUES (7, 246);
INSERT INTO resto_zasb.dbo.[Order/Dish] (dish_id, order_id) VALUES (18, 246);
INSERT INTO resto_zasb.dbo.[Order/Dish] (dish_id, order_id) VALUES (37, 246);
INSERT INTO resto_zasb.dbo.[Order/Dish] (dish_id, order_id) VALUES (14, 247);
INSERT INTO resto_zasb.dbo.[Order/Dish] (dish_id, order_id) VALUES (1, 247);
INSERT INTO resto_zasb.dbo.[Order/Dish] (dish_id, order_id) VALUES (31, 247);
INSERT INTO resto_zasb.dbo.[Order/Dish] (dish_id, order_id) VALUES (20, 247);
INSERT INTO resto_zasb.dbo.[Order/Dish] (dish_id, order_id) VALUES (42, 247);
INSERT INTO resto_zasb.dbo.[Order/Dish] (dish_id, order_id) VALUES (31, 248);
INSERT INTO resto_zasb.dbo.[Order/Dish] (dish_id, order_id) VALUES (2, 248);
INSERT INTO resto_zasb.dbo.[Order/Dish] (dish_id, order_id) VALUES (15, 248);
INSERT INTO resto_zasb.dbo.[Order/Dish] (dish_id, order_id) VALUES (21, 248);
INSERT INTO resto_zasb.dbo.[Order/Dish] (dish_id, order_id) VALUES (41, 249);
INSERT INTO resto_zasb.dbo.[Order/Dish] (dish_id, order_id) VALUES (14, 249);
INSERT INTO resto_zasb.dbo.[Order/Dish] (dish_id, order_id) VALUES (36, 250);
INSERT INTO resto_zasb.dbo.[Order/Dish] (dish_id, order_id) VALUES (27, 250);
INSERT INTO resto_zasb.dbo.[Order/Dish] (dish_id, order_id) VALUES (29, 250);
INSERT INTO resto_zasb.dbo.[Order/Dish] (dish_id, order_id) VALUES (33, 250);
INSERT INTO resto_zasb.dbo.[Order/Dish] (dish_id, order_id) VALUES (5, 250);
INSERT INTO resto_zasb.dbo.[Order/Dish] (dish_id, order_id) VALUES (1, 251);
INSERT INTO resto_zasb.dbo.[Order/Dish] (dish_id, order_id) VALUES (21, 251);
INSERT INTO resto_zasb.dbo.[Order/Dish] (dish_id, order_id) VALUES (38, 251);
INSERT INTO resto_zasb.dbo.[Order/Dish] (dish_id, order_id) VALUES (8, 251);
INSERT INTO resto_zasb.dbo.[Order/Dish] (dish_id, order_id) VALUES (17, 251);
INSERT INTO resto_zasb.dbo.[Order/Dish] (dish_id, order_id) VALUES (37, 252);
INSERT INTO resto_zasb.dbo.[Order/Dish] (dish_id, order_id) VALUES (14, 252);
INSERT INTO resto_zasb.dbo.[Order/Dish] (dish_id, order_id) VALUES (3, 253);
INSERT INTO resto_zasb.dbo.[Order/Dish] (dish_id, order_id) VALUES (10, 254);
INSERT INTO resto_zasb.dbo.[Order/Dish] (dish_id, order_id) VALUES (19, 254);
INSERT INTO resto_zasb.dbo.[Order/Dish] (dish_id, order_id) VALUES (10, 255);
INSERT INTO resto_zasb.dbo.[Order/Dish] (dish_id, order_id) VALUES (36, 256);
INSERT INTO resto_zasb.dbo.[Order/Dish] (dish_id, order_id) VALUES (1, 256);
INSERT INTO resto_zasb.dbo.[Order/Dish] (dish_id, order_id) VALUES (3, 256);
INSERT INTO resto_zasb.dbo.[Order/Dish] (dish_id, order_id) VALUES (7, 256);
INSERT INTO resto_zasb.dbo.[Order/Dish] (dish_id, order_id) VALUES (8, 256);
INSERT INTO resto_zasb.dbo.[Order/Dish] (dish_id, order_id) VALUES (8, 257);
INSERT INTO resto_zasb.dbo.[Order/Dish] (dish_id, order_id) VALUES (49, 257);
INSERT INTO resto_zasb.dbo.[Order/Dish] (dish_id, order_id) VALUES (39, 257);
INSERT INTO resto_zasb.dbo.[Order/Dish] (dish_id, order_id) VALUES (28, 257);
INSERT INTO resto_zasb.dbo.[Order/Dish] (dish_id, order_id) VALUES (18, 257);
INSERT INTO resto_zasb.dbo.[Order/Dish] (dish_id, order_id) VALUES (28, 258);
INSERT INTO resto_zasb.dbo.[Order/Dish] (dish_id, order_id) VALUES (14, 259);
INSERT INTO resto_zasb.dbo.[Order/Dish] (dish_id, order_id) VALUES (46, 259);
INSERT INTO resto_zasb.dbo.[Order/Dish] (dish_id, order_id) VALUES (14, 259);
INSERT INTO resto_zasb.dbo.[Order/Dish] (dish_id, order_id) VALUES (47, 260);
INSERT INTO resto_zasb.dbo.[Order/Dish] (dish_id, order_id) VALUES (47, 260);
INSERT INTO resto_zasb.dbo.[Order/Dish] (dish_id, order_id) VALUES (7, 261);
INSERT INTO resto_zasb.dbo.[Order/Dish] (dish_id, order_id) VALUES (29, 261);
INSERT INTO resto_zasb.dbo.[Order/Dish] (dish_id, order_id) VALUES (33, 261);
INSERT INTO resto_zasb.dbo.[Order/Dish] (dish_id, order_id) VALUES (12, 261);
INSERT INTO resto_zasb.dbo.[Order/Dish] (dish_id, order_id) VALUES (16, 262);
INSERT INTO resto_zasb.dbo.[Order/Dish] (dish_id, order_id) VALUES (38, 262);
INSERT INTO resto_zasb.dbo.[Order/Dish] (dish_id, order_id) VALUES (19, 262);
INSERT INTO resto_zasb.dbo.[Order/Dish] (dish_id, order_id) VALUES (9, 262);
INSERT INTO resto_zasb.dbo.[Order/Dish] (dish_id, order_id) VALUES (23, 263);
INSERT INTO resto_zasb.dbo.[Order/Dish] (dish_id, order_id) VALUES (12, 263);
INSERT INTO resto_zasb.dbo.[Order/Dish] (dish_id, order_id) VALUES (45, 264);
INSERT INTO resto_zasb.dbo.[Order/Dish] (dish_id, order_id) VALUES (8, 264);
INSERT INTO resto_zasb.dbo.[Order/Dish] (dish_id, order_id) VALUES (11, 264);
INSERT INTO resto_zasb.dbo.[Order/Dish] (dish_id, order_id) VALUES (44, 265);
INSERT INTO resto_zasb.dbo.[Order/Dish] (dish_id, order_id) VALUES (40, 266);
INSERT INTO resto_zasb.dbo.[Order/Dish] (dish_id, order_id) VALUES (8, 266);
INSERT INTO resto_zasb.dbo.[Order/Dish] (dish_id, order_id) VALUES (10, 266);
INSERT INTO resto_zasb.dbo.[Order/Dish] (dish_id, order_id) VALUES (38, 266);
INSERT INTO resto_zasb.dbo.[Order/Dish] (dish_id, order_id) VALUES (30, 267);
INSERT INTO resto_zasb.dbo.[Order/Dish] (dish_id, order_id) VALUES (5, 267);
INSERT INTO resto_zasb.dbo.[Order/Dish] (dish_id, order_id) VALUES (38, 267);
INSERT INTO resto_zasb.dbo.[Order/Dish] (dish_id, order_id) VALUES (20, 268);
INSERT INTO resto_zasb.dbo.[Order/Dish] (dish_id, order_id) VALUES (8, 268);
INSERT INTO resto_zasb.dbo.[Order/Dish] (dish_id, order_id) VALUES (43, 268);
INSERT INTO resto_zasb.dbo.[Order/Dish] (dish_id, order_id) VALUES (15, 268);
INSERT INTO resto_zasb.dbo.[Order/Dish] (dish_id, order_id) VALUES (11, 269);
INSERT INTO resto_zasb.dbo.[Order/Dish] (dish_id, order_id) VALUES (37, 269);
INSERT INTO resto_zasb.dbo.[Order/Dish] (dish_id, order_id) VALUES (40, 269);
INSERT INTO resto_zasb.dbo.[Order/Dish] (dish_id, order_id) VALUES (35, 269);
INSERT INTO resto_zasb.dbo.[Order/Dish] (dish_id, order_id) VALUES (48, 270);
INSERT INTO resto_zasb.dbo.[Order/Dish] (dish_id, order_id) VALUES (27, 271);
INSERT INTO resto_zasb.dbo.[Order/Dish] (dish_id, order_id) VALUES (28, 272);
INSERT INTO resto_zasb.dbo.[Order/Dish] (dish_id, order_id) VALUES (21, 272);
INSERT INTO resto_zasb.dbo.[Order/Dish] (dish_id, order_id) VALUES (7, 273);
INSERT INTO resto_zasb.dbo.[Order/Dish] (dish_id, order_id) VALUES (45, 273);
INSERT INTO resto_zasb.dbo.[Order/Dish] (dish_id, order_id) VALUES (4, 273);
INSERT INTO resto_zasb.dbo.[Order/Dish] (dish_id, order_id) VALUES (1, 274);
INSERT INTO resto_zasb.dbo.[Order/Dish] (dish_id, order_id) VALUES (3, 274);
INSERT INTO resto_zasb.dbo.[Order/Dish] (dish_id, order_id) VALUES (13, 275);
INSERT INTO resto_zasb.dbo.[Order/Dish] (dish_id, order_id) VALUES (17, 275);
INSERT INTO resto_zasb.dbo.[Order/Dish] (dish_id, order_id) VALUES (6, 275);
INSERT INTO resto_zasb.dbo.[Order/Dish] (dish_id, order_id) VALUES (35, 276);
INSERT INTO resto_zasb.dbo.[Order/Dish] (dish_id, order_id) VALUES (20, 277);
INSERT INTO resto_zasb.dbo.[Order/Dish] (dish_id, order_id) VALUES (17, 278);
INSERT INTO resto_zasb.dbo.[Order/Dish] (dish_id, order_id) VALUES (45, 278);
INSERT INTO resto_zasb.dbo.[Order/Dish] (dish_id, order_id) VALUES (11, 279);
INSERT INTO resto_zasb.dbo.[Order/Dish] (dish_id, order_id) VALUES (25, 279);
INSERT INTO resto_zasb.dbo.[Order/Dish] (dish_id, order_id) VALUES (8, 279);
INSERT INTO resto_zasb.dbo.[Order/Dish] (dish_id, order_id) VALUES (42, 279);
INSERT INTO resto_zasb.dbo.[Order/Dish] (dish_id, order_id) VALUES (29, 280);
INSERT INTO resto_zasb.dbo.[Order/Dish] (dish_id, order_id) VALUES (2, 281);
INSERT INTO resto_zasb.dbo.[Order/Dish] (dish_id, order_id) VALUES (14, 281);
INSERT INTO resto_zasb.dbo.[Order/Dish] (dish_id, order_id) VALUES (7, 281);
INSERT INTO resto_zasb.dbo.[Order/Dish] (dish_id, order_id) VALUES (7, 281);
INSERT INTO resto_zasb.dbo.[Order/Dish] (dish_id, order_id) VALUES (35, 282);
INSERT INTO resto_zasb.dbo.[Order/Dish] (dish_id, order_id) VALUES (19, 282);
INSERT INTO resto_zasb.dbo.[Order/Dish] (dish_id, order_id) VALUES (35, 282);
INSERT INTO resto_zasb.dbo.[Order/Dish] (dish_id, order_id) VALUES (32, 283);
INSERT INTO resto_zasb.dbo.[Order/Dish] (dish_id, order_id) VALUES (16, 283);
INSERT INTO resto_zasb.dbo.[Order/Dish] (dish_id, order_id) VALUES (10, 283);
INSERT INTO resto_zasb.dbo.[Order/Dish] (dish_id, order_id) VALUES (14, 283);
INSERT INTO resto_zasb.dbo.[Order/Dish] (dish_id, order_id) VALUES (24, 283);
INSERT INTO resto_zasb.dbo.[Order/Dish] (dish_id, order_id) VALUES (5, 284);
INSERT INTO resto_zasb.dbo.[Order/Dish] (dish_id, order_id) VALUES (26, 284);
INSERT INTO resto_zasb.dbo.[Order/Dish] (dish_id, order_id) VALUES (45, 284);
INSERT INTO resto_zasb.dbo.[Order/Dish] (dish_id, order_id) VALUES (41, 284);
INSERT INTO resto_zasb.dbo.[Order/Dish] (dish_id, order_id) VALUES (37, 284);
INSERT INTO resto_zasb.dbo.[Order/Dish] (dish_id, order_id) VALUES (35, 285);
INSERT INTO resto_zasb.dbo.[Order/Dish] (dish_id, order_id) VALUES (3, 285);
INSERT INTO resto_zasb.dbo.[Order/Dish] (dish_id, order_id) VALUES (4, 285);
INSERT INTO resto_zasb.dbo.[Order/Dish] (dish_id, order_id) VALUES (20, 285);
INSERT INTO resto_zasb.dbo.[Order/Dish] (dish_id, order_id) VALUES (38, 285);
INSERT INTO resto_zasb.dbo.[Order/Dish] (dish_id, order_id) VALUES (25, 286);
INSERT INTO resto_zasb.dbo.[Order/Dish] (dish_id, order_id) VALUES (41, 287);
INSERT INTO resto_zasb.dbo.[Order/Dish] (dish_id, order_id) VALUES (21, 287);
INSERT INTO resto_zasb.dbo.[Order/Dish] (dish_id, order_id) VALUES (33, 288);
INSERT INTO resto_zasb.dbo.[Order/Dish] (dish_id, order_id) VALUES (17, 289);
INSERT INTO resto_zasb.dbo.[Order/Dish] (dish_id, order_id) VALUES (15, 289);
INSERT INTO resto_zasb.dbo.[Order/Dish] (dish_id, order_id) VALUES (42, 289);
INSERT INTO resto_zasb.dbo.[Order/Dish] (dish_id, order_id) VALUES (27, 289);
INSERT INTO resto_zasb.dbo.[Order/Dish] (dish_id, order_id) VALUES (28, 289);
INSERT INTO resto_zasb.dbo.[Order/Dish] (dish_id, order_id) VALUES (2, 290);
INSERT INTO resto_zasb.dbo.[Order/Dish] (dish_id, order_id) VALUES (15, 290);
INSERT INTO resto_zasb.dbo.[Order/Dish] (dish_id, order_id) VALUES (27, 291);
INSERT INTO resto_zasb.dbo.[Order/Dish] (dish_id, order_id) VALUES (49, 291);
INSERT INTO resto_zasb.dbo.[Order/Dish] (dish_id, order_id) VALUES (44, 291);
INSERT INTO resto_zasb.dbo.[Order/Dish] (dish_id, order_id) VALUES (8, 291);
INSERT INTO resto_zasb.dbo.[Order/Dish] (dish_id, order_id) VALUES (25, 292);
INSERT INTO resto_zasb.dbo.[Order/Dish] (dish_id, order_id) VALUES (5, 292);
INSERT INTO resto_zasb.dbo.[Order/Dish] (dish_id, order_id) VALUES (39, 293);
INSERT INTO resto_zasb.dbo.[Order/Dish] (dish_id, order_id) VALUES (25, 293);
INSERT INTO resto_zasb.dbo.[Order/Dish] (dish_id, order_id) VALUES (1, 294);
INSERT INTO resto_zasb.dbo.[Order/Dish] (dish_id, order_id) VALUES (46, 294);
INSERT INTO resto_zasb.dbo.[Order/Dish] (dish_id, order_id) VALUES (15, 295);
INSERT INTO resto_zasb.dbo.[Order/Dish] (dish_id, order_id) VALUES (17, 295);
INSERT INTO resto_zasb.dbo.[Order/Dish] (dish_id, order_id) VALUES (32, 295);
INSERT INTO resto_zasb.dbo.[Order/Dish] (dish_id, order_id) VALUES (21, 295);
INSERT INTO resto_zasb.dbo.[Order/Dish] (dish_id, order_id) VALUES (18, 295);
INSERT INTO resto_zasb.dbo.[Order/Dish] (dish_id, order_id) VALUES (45, 296);
INSERT INTO resto_zasb.dbo.[Order/Dish] (dish_id, order_id) VALUES (41, 297);
INSERT INTO resto_zasb.dbo.[Order/Dish] (dish_id, order_id) VALUES (13, 297);
INSERT INTO resto_zasb.dbo.[Order/Dish] (dish_id, order_id) VALUES (45, 297);
INSERT INTO resto_zasb.dbo.[Order/Dish] (dish_id, order_id) VALUES (21, 297);
INSERT INTO resto_zasb.dbo.[Order/Dish] (dish_id, order_id) VALUES (22, 298);
INSERT INTO resto_zasb.dbo.[Order/Dish] (dish_id, order_id) VALUES (45, 299);
INSERT INTO resto_zasb.dbo.[Order/Dish] (dish_id, order_id) VALUES (22, 299);
INSERT INTO resto_zasb.dbo.[Order/Dish] (dish_id, order_id) VALUES (48, 300);
INSERT INTO resto_zasb.dbo.[Order/Dish] (dish_id, order_id) VALUES (11, 300);
INSERT INTO resto_zasb.dbo.[Order/Dish] (dish_id, order_id) VALUES (4, 301);
INSERT INTO resto_zasb.dbo.[Order/Dish] (dish_id, order_id) VALUES (39, 301);
INSERT INTO resto_zasb.dbo.[Order/Dish] (dish_id, order_id) VALUES (15, 301);
INSERT INTO resto_zasb.dbo.[Order/Dish] (dish_id, order_id) VALUES (35, 302);
INSERT INTO resto_zasb.dbo.[Order/Dish] (dish_id, order_id) VALUES (28, 302);
INSERT INTO resto_zasb.dbo.[Order/Dish] (dish_id, order_id) VALUES (45, 302);
INSERT INTO resto_zasb.dbo.[Order/Dish] (dish_id, order_id) VALUES (49, 302);
INSERT INTO resto_zasb.dbo.[Order/Dish] (dish_id, order_id) VALUES (27, 303);
INSERT INTO resto_zasb.dbo.[Order/Dish] (dish_id, order_id) VALUES (42, 304);
INSERT INTO resto_zasb.dbo.[Order/Dish] (dish_id, order_id) VALUES (41, 305);
INSERT INTO resto_zasb.dbo.[Order/Dish] (dish_id, order_id) VALUES (49, 305);
INSERT INTO resto_zasb.dbo.[Order/Dish] (dish_id, order_id) VALUES (11, 305);
INSERT INTO resto_zasb.dbo.[Order/Dish] (dish_id, order_id) VALUES (42, 305);
INSERT INTO resto_zasb.dbo.[Order/Dish] (dish_id, order_id) VALUES (4, 305);
INSERT INTO resto_zasb.dbo.[Order/Dish] (dish_id, order_id) VALUES (23, 306);
INSERT INTO resto_zasb.dbo.[Order/Dish] (dish_id, order_id) VALUES (42, 306);
INSERT INTO resto_zasb.dbo.[Order/Dish] (dish_id, order_id) VALUES (16, 306);
INSERT INTO resto_zasb.dbo.[Order/Dish] (dish_id, order_id) VALUES (15, 307);
INSERT INTO resto_zasb.dbo.[Order/Dish] (dish_id, order_id) VALUES (12, 307);
INSERT INTO resto_zasb.dbo.[Order/Dish] (dish_id, order_id) VALUES (27, 307);
INSERT INTO resto_zasb.dbo.[Order/Dish] (dish_id, order_id) VALUES (35, 307);
INSERT INTO resto_zasb.dbo.[Order/Dish] (dish_id, order_id) VALUES (26, 308);
INSERT INTO resto_zasb.dbo.[Order/Dish] (dish_id, order_id) VALUES (26, 309);
INSERT INTO resto_zasb.dbo.[Order/Dish] (dish_id, order_id) VALUES (13, 309);
INSERT INTO resto_zasb.dbo.[Order/Dish] (dish_id, order_id) VALUES (22, 309);
INSERT INTO resto_zasb.dbo.[Order/Dish] (dish_id, order_id) VALUES (46, 309);
INSERT INTO resto_zasb.dbo.[Order/Dish] (dish_id, order_id) VALUES (3, 309);
INSERT INTO resto_zasb.dbo.[Order/Dish] (dish_id, order_id) VALUES (9, 310);
INSERT INTO resto_zasb.dbo.[Order/Dish] (dish_id, order_id) VALUES (13, 310);
INSERT INTO resto_zasb.dbo.[Order/Dish] (dish_id, order_id) VALUES (33, 310);
INSERT INTO resto_zasb.dbo.[Order/Dish] (dish_id, order_id) VALUES (29, 310);
INSERT INTO resto_zasb.dbo.[Order/Dish] (dish_id, order_id) VALUES (49, 310);
INSERT INTO resto_zasb.dbo.[Order/Dish] (dish_id, order_id) VALUES (38, 311);
INSERT INTO resto_zasb.dbo.[Order/Dish] (dish_id, order_id) VALUES (35, 312);
INSERT INTO resto_zasb.dbo.[Order/Dish] (dish_id, order_id) VALUES (46, 312);
INSERT INTO resto_zasb.dbo.[Order/Dish] (dish_id, order_id) VALUES (41, 313);
INSERT INTO resto_zasb.dbo.[Order/Dish] (dish_id, order_id) VALUES (22, 313);
INSERT INTO resto_zasb.dbo.[Order/Dish] (dish_id, order_id) VALUES (0, 313);
INSERT INTO resto_zasb.dbo.[Order/Dish] (dish_id, order_id) VALUES (46, 313);
INSERT INTO resto_zasb.dbo.[Order/Dish] (dish_id, order_id) VALUES (41, 313);
INSERT INTO resto_zasb.dbo.[Order/Dish] (dish_id, order_id) VALUES (39, 314);
INSERT INTO resto_zasb.dbo.[Order/Dish] (dish_id, order_id) VALUES (14, 314);
INSERT INTO resto_zasb.dbo.[Order/Dish] (dish_id, order_id) VALUES (38, 315);
INSERT INTO resto_zasb.dbo.[Order/Dish] (dish_id, order_id) VALUES (18, 315);
INSERT INTO resto_zasb.dbo.[Order/Dish] (dish_id, order_id) VALUES (31, 315);
INSERT INTO resto_zasb.dbo.[Order/Dish] (dish_id, order_id) VALUES (38, 315);
INSERT INTO resto_zasb.dbo.[Order/Dish] (dish_id, order_id) VALUES (35, 315);
INSERT INTO resto_zasb.dbo.[Order/Dish] (dish_id, order_id) VALUES (29, 316);
INSERT INTO resto_zasb.dbo.[Order/Dish] (dish_id, order_id) VALUES (39, 316);
INSERT INTO resto_zasb.dbo.[Order/Dish] (dish_id, order_id) VALUES (41, 316);
INSERT INTO resto_zasb.dbo.[Order/Dish] (dish_id, order_id) VALUES (23, 317);
INSERT INTO resto_zasb.dbo.[Order/Dish] (dish_id, order_id) VALUES (27, 317);
INSERT INTO resto_zasb.dbo.[Order/Dish] (dish_id, order_id) VALUES (11, 317);
INSERT INTO resto_zasb.dbo.[Order/Dish] (dish_id, order_id) VALUES (8, 317);
INSERT INTO resto_zasb.dbo.[Order/Dish] (dish_id, order_id) VALUES (7, 317);
INSERT INTO resto_zasb.dbo.[Order/Dish] (dish_id, order_id) VALUES (38, 318);
INSERT INTO resto_zasb.dbo.[Order/Dish] (dish_id, order_id) VALUES (8, 318);
INSERT INTO resto_zasb.dbo.[Order/Dish] (dish_id, order_id) VALUES (5, 318);
INSERT INTO resto_zasb.dbo.[Order/Dish] (dish_id, order_id) VALUES (24, 319);
INSERT INTO resto_zasb.dbo.[Order/Dish] (dish_id, order_id) VALUES (16, 319);
INSERT INTO resto_zasb.dbo.[Order/Dish] (dish_id, order_id) VALUES (25, 319);
INSERT INTO resto_zasb.dbo.[Order/Dish] (dish_id, order_id) VALUES (39, 319);
INSERT INTO resto_zasb.dbo.[Order/Dish] (dish_id, order_id) VALUES (19, 320);
INSERT INTO resto_zasb.dbo.[Order/Dish] (dish_id, order_id) VALUES (6, 321);
INSERT INTO resto_zasb.dbo.[Order/Dish] (dish_id, order_id) VALUES (0, 321);
INSERT INTO resto_zasb.dbo.[Order/Dish] (dish_id, order_id) VALUES (48, 321);
INSERT INTO resto_zasb.dbo.[Order/Dish] (dish_id, order_id) VALUES (41, 321);
INSERT INTO resto_zasb.dbo.[Order/Dish] (dish_id, order_id) VALUES (22, 321);
INSERT INTO resto_zasb.dbo.[Order/Dish] (dish_id, order_id) VALUES (22, 322);
INSERT INTO resto_zasb.dbo.[Order/Dish] (dish_id, order_id) VALUES (16, 322);
INSERT INTO resto_zasb.dbo.[Order/Dish] (dish_id, order_id) VALUES (34, 323);
INSERT INTO resto_zasb.dbo.[Order/Dish] (dish_id, order_id) VALUES (32, 323);
INSERT INTO resto_zasb.dbo.[Order/Dish] (dish_id, order_id) VALUES (36, 324);
INSERT INTO resto_zasb.dbo.[Order/Dish] (dish_id, order_id) VALUES (38, 325);
INSERT INTO resto_zasb.dbo.[Order/Dish] (dish_id, order_id) VALUES (16, 325);
INSERT INTO resto_zasb.dbo.[Order/Dish] (dish_id, order_id) VALUES (16, 325);
INSERT INTO resto_zasb.dbo.[Order/Dish] (dish_id, order_id) VALUES (44, 326);
INSERT INTO resto_zasb.dbo.[Order/Dish] (dish_id, order_id) VALUES (7, 326);
INSERT INTO resto_zasb.dbo.[Order/Dish] (dish_id, order_id) VALUES (11, 326);
INSERT INTO resto_zasb.dbo.[Order/Dish] (dish_id, order_id) VALUES (32, 327);
INSERT INTO resto_zasb.dbo.[Order/Dish] (dish_id, order_id) VALUES (23, 327);
INSERT INTO resto_zasb.dbo.[Order/Dish] (dish_id, order_id) VALUES (10, 327);
INSERT INTO resto_zasb.dbo.[Order/Dish] (dish_id, order_id) VALUES (2, 327);
INSERT INTO resto_zasb.dbo.[Order/Dish] (dish_id, order_id) VALUES (21, 328);
INSERT INTO resto_zasb.dbo.[Order/Dish] (dish_id, order_id) VALUES (28, 442);
INSERT INTO resto_zasb.dbo.[Order/Dish] (dish_id, order_id) VALUES (30, 443);
INSERT INTO resto_zasb.dbo.[Order/Dish] (dish_id, order_id) VALUES (42, 443);
INSERT INTO resto_zasb.dbo.[Order/Dish] (dish_id, order_id) VALUES (9, 443);
INSERT INTO resto_zasb.dbo.[Order/Dish] (dish_id, order_id) VALUES (49, 443);
INSERT INTO resto_zasb.dbo.[Order/Dish] (dish_id, order_id) VALUES (29, 444);
INSERT INTO resto_zasb.dbo.[Order/Dish] (dish_id, order_id) VALUES (49, 444);
INSERT INTO resto_zasb.dbo.[Order/Dish] (dish_id, order_id) VALUES (5, 444);
INSERT INTO resto_zasb.dbo.[Order/Dish] (dish_id, order_id) VALUES (9, 444);
INSERT INTO resto_zasb.dbo.[Order/Dish] (dish_id, order_id) VALUES (44, 444);
INSERT INTO resto_zasb.dbo.[Order/Dish] (dish_id, order_id) VALUES (27, 445);
INSERT INTO resto_zasb.dbo.[Order/Dish] (dish_id, order_id) VALUES (26, 445);
INSERT INTO resto_zasb.dbo.[Order/Dish] (dish_id, order_id) VALUES (31, 445);
INSERT INTO resto_zasb.dbo.[Order/Dish] (dish_id, order_id) VALUES (22, 445);
INSERT INTO resto_zasb.dbo.[Order/Dish] (dish_id, order_id) VALUES (14, 446);
INSERT INTO resto_zasb.dbo.[Order/Dish] (dish_id, order_id) VALUES (23, 446);
INSERT INTO resto_zasb.dbo.[Order/Dish] (dish_id, order_id) VALUES (29, 446);
INSERT INTO resto_zasb.dbo.[Order/Dish] (dish_id, order_id) VALUES (40, 446);
INSERT INTO resto_zasb.dbo.[Order/Dish] (dish_id, order_id) VALUES (3, 446);
INSERT INTO resto_zasb.dbo.[Order/Dish] (dish_id, order_id) VALUES (42, 447);
INSERT INTO resto_zasb.dbo.[Order/Dish] (dish_id, order_id) VALUES (17, 448);
INSERT INTO resto_zasb.dbo.[Order/Dish] (dish_id, order_id) VALUES (30, 448);
INSERT INTO resto_zasb.dbo.[Order/Dish] (dish_id, order_id) VALUES (15, 448);
INSERT INTO resto_zasb.dbo.[Order/Dish] (dish_id, order_id) VALUES (13, 449);
INSERT INTO resto_zasb.dbo.[Order/Dish] (dish_id, order_id) VALUES (13, 449);
INSERT INTO resto_zasb.dbo.[Order/Dish] (dish_id, order_id) VALUES (24, 449);
INSERT INTO resto_zasb.dbo.[Order/Dish] (dish_id, order_id) VALUES (48, 450);
INSERT INTO resto_zasb.dbo.[Order/Dish] (dish_id, order_id) VALUES (6, 450);
INSERT INTO resto_zasb.dbo.[Order/Dish] (dish_id, order_id) VALUES (18, 450);
INSERT INTO resto_zasb.dbo.[Order/Dish] (dish_id, order_id) VALUES (49, 450);
INSERT INTO resto_zasb.dbo.[Order/Dish] (dish_id, order_id) VALUES (37, 450);
INSERT INTO resto_zasb.dbo.[Order/Dish] (dish_id, order_id) VALUES (33, 451);
INSERT INTO resto_zasb.dbo.[Order/Dish] (dish_id, order_id) VALUES (26, 452);
INSERT INTO resto_zasb.dbo.[Order/Dish] (dish_id, order_id) VALUES (41, 452);
INSERT INTO resto_zasb.dbo.[Order/Dish] (dish_id, order_id) VALUES (1, 452);
INSERT INTO resto_zasb.dbo.[Order/Dish] (dish_id, order_id) VALUES (12, 453);
INSERT INTO resto_zasb.dbo.[Order/Dish] (dish_id, order_id) VALUES (26, 453);
INSERT INTO resto_zasb.dbo.[Order/Dish] (dish_id, order_id) VALUES (8, 453);
INSERT INTO resto_zasb.dbo.[Order/Dish] (dish_id, order_id) VALUES (1, 454);
INSERT INTO resto_zasb.dbo.[Order/Dish] (dish_id, order_id) VALUES (1, 455);
INSERT INTO resto_zasb.dbo.[Order/Dish] (dish_id, order_id) VALUES (36, 456);
INSERT INTO resto_zasb.dbo.[Order/Dish] (dish_id, order_id) VALUES (48, 456);
INSERT INTO resto_zasb.dbo.[Order/Dish] (dish_id, order_id) VALUES (7, 457);
INSERT INTO resto_zasb.dbo.[Order/Dish] (dish_id, order_id) VALUES (31, 457);
INSERT INTO resto_zasb.dbo.[Order/Dish] (dish_id, order_id) VALUES (35, 458);
INSERT INTO resto_zasb.dbo.[Order/Dish] (dish_id, order_id) VALUES (18, 459);
INSERT INTO resto_zasb.dbo.[Order/Dish] (dish_id, order_id) VALUES (17, 459);
INSERT INTO resto_zasb.dbo.[Order/Dish] (dish_id, order_id) VALUES (36, 459);
INSERT INTO resto_zasb.dbo.[Order/Dish] (dish_id, order_id) VALUES (47, 459);
INSERT INTO resto_zasb.dbo.[Order/Dish] (dish_id, order_id) VALUES (24, 460);
INSERT INTO resto_zasb.dbo.[Order/Dish] (dish_id, order_id) VALUES (44, 460);
INSERT INTO resto_zasb.dbo.[Order/Dish] (dish_id, order_id) VALUES (22, 460);
INSERT INTO resto_zasb.dbo.[Order/Dish] (dish_id, order_id) VALUES (2, 460);
INSERT INTO resto_zasb.dbo.[Order/Dish] (dish_id, order_id) VALUES (49, 460);
INSERT INTO resto_zasb.dbo.[Order/Dish] (dish_id, order_id) VALUES (17, 461);
INSERT INTO resto_zasb.dbo.[Order/Dish] (dish_id, order_id) VALUES (11, 461);
INSERT INTO resto_zasb.dbo.[Order/Dish] (dish_id, order_id) VALUES (15, 461);
INSERT INTO resto_zasb.dbo.[Order/Dish] (dish_id, order_id) VALUES (35, 462);
INSERT INTO resto_zasb.dbo.[Order/Dish] (dish_id, order_id) VALUES (45, 462);
INSERT INTO resto_zasb.dbo.[Order/Dish] (dish_id, order_id) VALUES (15, 462);
INSERT INTO resto_zasb.dbo.[Order/Dish] (dish_id, order_id) VALUES (29, 462);
INSERT INTO resto_zasb.dbo.[Order/Dish] (dish_id, order_id) VALUES (1, 462);
INSERT INTO resto_zasb.dbo.[Order/Dish] (dish_id, order_id) VALUES (24, 463);
INSERT INTO resto_zasb.dbo.[Order/Dish] (dish_id, order_id) VALUES (48, 463);
INSERT INTO resto_zasb.dbo.[Order/Dish] (dish_id, order_id) VALUES (28, 464);
INSERT INTO resto_zasb.dbo.[Order/Dish] (dish_id, order_id) VALUES (8, 465);
INSERT INTO resto_zasb.dbo.[Order/Dish] (dish_id, order_id) VALUES (24, 466);
INSERT INTO resto_zasb.dbo.[Order/Dish] (dish_id, order_id) VALUES (30, 466);
INSERT INTO resto_zasb.dbo.[Order/Dish] (dish_id, order_id) VALUES (3, 467);
INSERT INTO resto_zasb.dbo.[Order/Dish] (dish_id, order_id) VALUES (12, 467);
INSERT INTO resto_zasb.dbo.[Order/Dish] (dish_id, order_id) VALUES (2, 467);
INSERT INTO resto_zasb.dbo.[Order/Dish] (dish_id, order_id) VALUES (40, 468);
INSERT INTO resto_zasb.dbo.[Order/Dish] (dish_id, order_id) VALUES (1, 468);
INSERT INTO resto_zasb.dbo.[Order/Dish] (dish_id, order_id) VALUES (8, 469);
INSERT INTO resto_zasb.dbo.[Order/Dish] (dish_id, order_id) VALUES (9, 470);
INSERT INTO resto_zasb.dbo.[Order/Dish] (dish_id, order_id) VALUES (5, 471);
INSERT INTO resto_zasb.dbo.[Order/Dish] (dish_id, order_id) VALUES (11, 471);
INSERT INTO resto_zasb.dbo.[Order/Dish] (dish_id, order_id) VALUES (0, 472);
INSERT INTO resto_zasb.dbo.[Order/Dish] (dish_id, order_id) VALUES (6, 472);
INSERT INTO resto_zasb.dbo.[Order/Dish] (dish_id, order_id) VALUES (16, 472);
INSERT INTO resto_zasb.dbo.[Order/Dish] (dish_id, order_id) VALUES (28, 472);
INSERT INTO resto_zasb.dbo.[Order/Dish] (dish_id, order_id) VALUES (10, 472);
INSERT INTO resto_zasb.dbo.[Order/Dish] (dish_id, order_id) VALUES (20, 473);
INSERT INTO resto_zasb.dbo.[Order/Dish] (dish_id, order_id) VALUES (41, 473);
INSERT INTO resto_zasb.dbo.[Order/Dish] (dish_id, order_id) VALUES (15, 473);
INSERT INTO resto_zasb.dbo.[Order/Dish] (dish_id, order_id) VALUES (22, 473);
INSERT INTO resto_zasb.dbo.[Order/Dish] (dish_id, order_id) VALUES (28, 474);
INSERT INTO resto_zasb.dbo.[Order/Dish] (dish_id, order_id) VALUES (36, 474);
INSERT INTO resto_zasb.dbo.[Order/Dish] (dish_id, order_id) VALUES (10, 474);
INSERT INTO resto_zasb.dbo.[Order/Dish] (dish_id, order_id) VALUES (14, 475);
INSERT INTO resto_zasb.dbo.[Order/Dish] (dish_id, order_id) VALUES (42, 476);
INSERT INTO resto_zasb.dbo.[Order/Dish] (dish_id, order_id) VALUES (43, 476);
INSERT INTO resto_zasb.dbo.[Order/Dish] (dish_id, order_id) VALUES (41, 476);
INSERT INTO resto_zasb.dbo.[Order/Dish] (dish_id, order_id) VALUES (4, 476);
INSERT INTO resto_zasb.dbo.[Order/Dish] (dish_id, order_id) VALUES (11, 477);
INSERT INTO resto_zasb.dbo.[Order/Dish] (dish_id, order_id) VALUES (28, 477);
INSERT INTO resto_zasb.dbo.[Order/Dish] (dish_id, order_id) VALUES (12, 477);
INSERT INTO resto_zasb.dbo.[Order/Dish] (dish_id, order_id) VALUES (41, 477);
INSERT INTO resto_zasb.dbo.[Order/Dish] (dish_id, order_id) VALUES (21, 477);
INSERT INTO resto_zasb.dbo.[Order/Dish] (dish_id, order_id) VALUES (45, 478);
INSERT INTO resto_zasb.dbo.[Order/Dish] (dish_id, order_id) VALUES (15, 478);
INSERT INTO resto_zasb.dbo.[Order/Dish] (dish_id, order_id) VALUES (43, 478);
INSERT INTO resto_zasb.dbo.[Order/Dish] (dish_id, order_id) VALUES (29, 478);
INSERT INTO resto_zasb.dbo.[Order/Dish] (dish_id, order_id) VALUES (26, 479);
INSERT INTO resto_zasb.dbo.[Order/Dish] (dish_id, order_id) VALUES (20, 479);
INSERT INTO resto_zasb.dbo.[Order/Dish] (dish_id, order_id) VALUES (1, 479);
INSERT INTO resto_zasb.dbo.[Order/Dish] (dish_id, order_id) VALUES (37, 479);
INSERT INTO resto_zasb.dbo.[Order/Dish] (dish_id, order_id) VALUES (13, 480);
INSERT INTO resto_zasb.dbo.[Order/Dish] (dish_id, order_id) VALUES (15, 480);
INSERT INTO resto_zasb.dbo.[Order/Dish] (dish_id, order_id) VALUES (18, 480);
INSERT INTO resto_zasb.dbo.[Order/Dish] (dish_id, order_id) VALUES (11, 480);
INSERT INTO resto_zasb.dbo.[Order/Dish] (dish_id, order_id) VALUES (15, 480);
INSERT INTO resto_zasb.dbo.[Order/Dish] (dish_id, order_id) VALUES (13, 481);
INSERT INTO resto_zasb.dbo.[Order/Dish] (dish_id, order_id) VALUES (30, 481);
INSERT INTO resto_zasb.dbo.[Order/Dish] (dish_id, order_id) VALUES (30, 481);
INSERT INTO resto_zasb.dbo.[Order/Dish] (dish_id, order_id) VALUES (26, 481);
INSERT INTO resto_zasb.dbo.[Order/Dish] (dish_id, order_id) VALUES (31, 481);
INSERT INTO resto_zasb.dbo.[Order/Dish] (dish_id, order_id) VALUES (8, 482);
INSERT INTO resto_zasb.dbo.[Order/Dish] (dish_id, order_id) VALUES (7, 482);
INSERT INTO resto_zasb.dbo.[Order/Dish] (dish_id, order_id) VALUES (49, 482);
INSERT INTO resto_zasb.dbo.[Order/Dish] (dish_id, order_id) VALUES (41, 482);
INSERT INTO resto_zasb.dbo.[Order/Dish] (dish_id, order_id) VALUES (44, 482);
INSERT INTO resto_zasb.dbo.[Order/Dish] (dish_id, order_id) VALUES (7, 483);
INSERT INTO resto_zasb.dbo.[Order/Dish] (dish_id, order_id) VALUES (43, 483);
INSERT INTO resto_zasb.dbo.[Order/Dish] (dish_id, order_id) VALUES (10, 484);
INSERT INTO resto_zasb.dbo.[Order/Dish] (dish_id, order_id) VALUES (33, 484);
INSERT INTO resto_zasb.dbo.[Order/Dish] (dish_id, order_id) VALUES (42, 484);
INSERT INTO resto_zasb.dbo.[Order/Dish] (dish_id, order_id) VALUES (42, 484);
INSERT INTO resto_zasb.dbo.[Order/Dish] (dish_id, order_id) VALUES (8, 485);
INSERT INTO resto_zasb.dbo.[Order/Dish] (dish_id, order_id) VALUES (16, 486);
INSERT INTO resto_zasb.dbo.[Order/Dish] (dish_id, order_id) VALUES (9, 486);
INSERT INTO resto_zasb.dbo.[Order/Dish] (dish_id, order_id) VALUES (40, 486);
INSERT INTO resto_zasb.dbo.[Order/Dish] (dish_id, order_id) VALUES (46, 486);
INSERT INTO resto_zasb.dbo.[Order/Dish] (dish_id, order_id) VALUES (31, 487);
INSERT INTO resto_zasb.dbo.[Order/Dish] (dish_id, order_id) VALUES (7, 487);
INSERT INTO resto_zasb.dbo.[Order/Dish] (dish_id, order_id) VALUES (14, 487);
INSERT INTO resto_zasb.dbo.[Order/Dish] (dish_id, order_id) VALUES (9, 487);
INSERT INTO resto_zasb.dbo.[Order/Dish] (dish_id, order_id) VALUES (8, 487);
INSERT INTO resto_zasb.dbo.[Order/Dish] (dish_id, order_id) VALUES (48, 488);
INSERT INTO resto_zasb.dbo.[Order/Dish] (dish_id, order_id) VALUES (22, 488);
INSERT INTO resto_zasb.dbo.[Order/Dish] (dish_id, order_id) VALUES (35, 488);
INSERT INTO resto_zasb.dbo.[Order/Dish] (dish_id, order_id) VALUES (4, 488);
INSERT INTO resto_zasb.dbo.[Order/Dish] (dish_id, order_id) VALUES (40, 489);
INSERT INTO resto_zasb.dbo.[Order/Dish] (dish_id, order_id) VALUES (22, 489);
INSERT INTO resto_zasb.dbo.[Order/Dish] (dish_id, order_id) VALUES (10, 489);
INSERT INTO resto_zasb.dbo.[Order/Dish] (dish_id, order_id) VALUES (31, 490);
INSERT INTO resto_zasb.dbo.[Order/Dish] (dish_id, order_id) VALUES (39, 490);
INSERT INTO resto_zasb.dbo.[Order/Dish] (dish_id, order_id) VALUES (9, 490);
INSERT INTO resto_zasb.dbo.[Order/Dish] (dish_id, order_id) VALUES (46, 491);
INSERT INTO resto_zasb.dbo.[Order/Dish] (dish_id, order_id) VALUES (28, 491);
INSERT INTO resto_zasb.dbo.[Order/Dish] (dish_id, order_id) VALUES (4, 491);
INSERT INTO resto_zasb.dbo.[Order/Dish] (dish_id, order_id) VALUES (29, 491);
INSERT INTO resto_zasb.dbo.[Order/Dish] (dish_id, order_id) VALUES (1, 491);
INSERT INTO resto_zasb.dbo.[Order/Dish] (dish_id, order_id) VALUES (35, 492);
INSERT INTO resto_zasb.dbo.[Order/Dish] (dish_id, order_id) VALUES (4, 492);
INSERT INTO resto_zasb.dbo.[Order/Dish] (dish_id, order_id) VALUES (35, 493);
INSERT INTO resto_zasb.dbo.[Order/Dish] (dish_id, order_id) VALUES (38, 494);
INSERT INTO resto_zasb.dbo.[Order/Dish] (dish_id, order_id) VALUES (28, 494);
INSERT INTO resto_zasb.dbo.[Order/Dish] (dish_id, order_id) VALUES (14, 494);
INSERT INTO resto_zasb.dbo.[Order/Dish] (dish_id, order_id) VALUES (19, 494);
INSERT INTO resto_zasb.dbo.[Order/Dish] (dish_id, order_id) VALUES (44, 494);
INSERT INTO resto_zasb.dbo.[Order/Dish] (dish_id, order_id) VALUES (18, 495);
INSERT INTO resto_zasb.dbo.[Order/Dish] (dish_id, order_id) VALUES (8, 495);
INSERT INTO resto_zasb.dbo.[Order/Dish] (dish_id, order_id) VALUES (10, 495);
INSERT INTO resto_zasb.dbo.[Order/Dish] (dish_id, order_id) VALUES (49, 495);
INSERT INTO resto_zasb.dbo.[Order/Dish] (dish_id, order_id) VALUES (35, 496);
INSERT INTO resto_zasb.dbo.[Order/Dish] (dish_id, order_id) VALUES (17, 496);
INSERT INTO resto_zasb.dbo.[Order/Dish] (dish_id, order_id) VALUES (43, 497);
INSERT INTO resto_zasb.dbo.[Order/Dish] (dish_id, order_id) VALUES (24, 497);
INSERT INTO resto_zasb.dbo.[Order/Dish] (dish_id, order_id) VALUES (15, 497);
INSERT INTO resto_zasb.dbo.[Order/Dish] (dish_id, order_id) VALUES (40, 497);
INSERT INTO resto_zasb.dbo.[Order/Dish] (dish_id, order_id) VALUES (49, 497);
INSERT INTO resto_zasb.dbo.[Order/Dish] (dish_id, order_id) VALUES (8, 498);
INSERT INTO resto_zasb.dbo.[Order/Dish] (dish_id, order_id) VALUES (11, 498);
INSERT INTO resto_zasb.dbo.[Order/Dish] (dish_id, order_id) VALUES (29, 498);
INSERT INTO resto_zasb.dbo.[Order/Dish] (dish_id, order_id) VALUES (37, 498);
INSERT INTO resto_zasb.dbo.[Order/Dish] (dish_id, order_id) VALUES (42, 499);
INSERT INTO resto_zasb.dbo.[Order/Dish] (dish_id, order_id) VALUES (3, 499);
INSERT INTO resto_zasb.dbo.[Order/Dish] (dish_id, order_id) VALUES (2, 328);
INSERT INTO resto_zasb.dbo.[Order/Dish] (dish_id, order_id) VALUES (32, 328);
INSERT INTO resto_zasb.dbo.[Order/Dish] (dish_id, order_id) VALUES (15, 329);
INSERT INTO resto_zasb.dbo.[Order/Dish] (dish_id, order_id) VALUES (27, 329);
INSERT INTO resto_zasb.dbo.[Order/Dish] (dish_id, order_id) VALUES (3, 329);
INSERT INTO resto_zasb.dbo.[Order/Dish] (dish_id, order_id) VALUES (14, 329);
INSERT INTO resto_zasb.dbo.[Order/Dish] (dish_id, order_id) VALUES (14, 330);
INSERT INTO resto_zasb.dbo.[Order/Dish] (dish_id, order_id) VALUES (42, 330);
INSERT INTO resto_zasb.dbo.[Order/Dish] (dish_id, order_id) VALUES (23, 330);
INSERT INTO resto_zasb.dbo.[Order/Dish] (dish_id, order_id) VALUES (42, 331);
INSERT INTO resto_zasb.dbo.[Order/Dish] (dish_id, order_id) VALUES (44, 331);
INSERT INTO resto_zasb.dbo.[Order/Dish] (dish_id, order_id) VALUES (44, 332);
INSERT INTO resto_zasb.dbo.[Order/Dish] (dish_id, order_id) VALUES (47, 332);
INSERT INTO resto_zasb.dbo.[Order/Dish] (dish_id, order_id) VALUES (17, 333);
INSERT INTO resto_zasb.dbo.[Order/Dish] (dish_id, order_id) VALUES (29, 334);
INSERT INTO resto_zasb.dbo.[Order/Dish] (dish_id, order_id) VALUES (13, 335);
INSERT INTO resto_zasb.dbo.[Order/Dish] (dish_id, order_id) VALUES (3, 336);
INSERT INTO resto_zasb.dbo.[Order/Dish] (dish_id, order_id) VALUES (12, 337);
INSERT INTO resto_zasb.dbo.[Order/Dish] (dish_id, order_id) VALUES (1, 337);
INSERT INTO resto_zasb.dbo.[Order/Dish] (dish_id, order_id) VALUES (1, 337);
INSERT INTO resto_zasb.dbo.[Order/Dish] (dish_id, order_id) VALUES (48, 338);
INSERT INTO resto_zasb.dbo.[Order/Dish] (dish_id, order_id) VALUES (0, 338);
INSERT INTO resto_zasb.dbo.[Order/Dish] (dish_id, order_id) VALUES (16, 338);
INSERT INTO resto_zasb.dbo.[Order/Dish] (dish_id, order_id) VALUES (45, 338);
INSERT INTO resto_zasb.dbo.[Order/Dish] (dish_id, order_id) VALUES (28, 339);
INSERT INTO resto_zasb.dbo.[Order/Dish] (dish_id, order_id) VALUES (44, 340);
INSERT INTO resto_zasb.dbo.[Order/Dish] (dish_id, order_id) VALUES (15, 340);
INSERT INTO resto_zasb.dbo.[Order/Dish] (dish_id, order_id) VALUES (45, 340);
INSERT INTO resto_zasb.dbo.[Order/Dish] (dish_id, order_id) VALUES (38, 341);
INSERT INTO resto_zasb.dbo.[Order/Dish] (dish_id, order_id) VALUES (46, 341);
INSERT INTO resto_zasb.dbo.[Order/Dish] (dish_id, order_id) VALUES (46, 341);
INSERT INTO resto_zasb.dbo.[Order/Dish] (dish_id, order_id) VALUES (38, 341);
INSERT INTO resto_zasb.dbo.[Order/Dish] (dish_id, order_id) VALUES (33, 342);
INSERT INTO resto_zasb.dbo.[Order/Dish] (dish_id, order_id) VALUES (49, 343);
INSERT INTO resto_zasb.dbo.[Order/Dish] (dish_id, order_id) VALUES (20, 343);
INSERT INTO resto_zasb.dbo.[Order/Dish] (dish_id, order_id) VALUES (39, 343);
INSERT INTO resto_zasb.dbo.[Order/Dish] (dish_id, order_id) VALUES (30, 343);
INSERT INTO resto_zasb.dbo.[Order/Dish] (dish_id, order_id) VALUES (48, 344);
INSERT INTO resto_zasb.dbo.[Order/Dish] (dish_id, order_id) VALUES (8, 344);
INSERT INTO resto_zasb.dbo.[Order/Dish] (dish_id, order_id) VALUES (38, 344);
INSERT INTO resto_zasb.dbo.[Order/Dish] (dish_id, order_id) VALUES (2, 344);
INSERT INTO resto_zasb.dbo.[Order/Dish] (dish_id, order_id) VALUES (48, 344);
INSERT INTO resto_zasb.dbo.[Order/Dish] (dish_id, order_id) VALUES (6, 345);
INSERT INTO resto_zasb.dbo.[Order/Dish] (dish_id, order_id) VALUES (11, 345);
INSERT INTO resto_zasb.dbo.[Order/Dish] (dish_id, order_id) VALUES (46, 345);
INSERT INTO resto_zasb.dbo.[Order/Dish] (dish_id, order_id) VALUES (27, 345);
INSERT INTO resto_zasb.dbo.[Order/Dish] (dish_id, order_id) VALUES (23, 345);
INSERT INTO resto_zasb.dbo.[Order/Dish] (dish_id, order_id) VALUES (13, 346);
INSERT INTO resto_zasb.dbo.[Order/Dish] (dish_id, order_id) VALUES (33, 346);
INSERT INTO resto_zasb.dbo.[Order/Dish] (dish_id, order_id) VALUES (4, 346);
INSERT INTO resto_zasb.dbo.[Order/Dish] (dish_id, order_id) VALUES (17, 346);
INSERT INTO resto_zasb.dbo.[Order/Dish] (dish_id, order_id) VALUES (33, 348);
INSERT INTO resto_zasb.dbo.[Order/Dish] (dish_id, order_id) VALUES (36, 348);
INSERT INTO resto_zasb.dbo.[Order/Dish] (dish_id, order_id) VALUES (46, 349);
INSERT INTO resto_zasb.dbo.[Order/Dish] (dish_id, order_id) VALUES (15, 349);
INSERT INTO resto_zasb.dbo.[Order/Dish] (dish_id, order_id) VALUES (32, 349);
INSERT INTO resto_zasb.dbo.[Order/Dish] (dish_id, order_id) VALUES (11, 349);
INSERT INTO resto_zasb.dbo.[Order/Dish] (dish_id, order_id) VALUES (46, 349);
INSERT INTO resto_zasb.dbo.[Order/Dish] (dish_id, order_id) VALUES (32, 350);
INSERT INTO resto_zasb.dbo.[Order/Dish] (dish_id, order_id) VALUES (44, 350);
INSERT INTO resto_zasb.dbo.[Order/Dish] (dish_id, order_id) VALUES (22, 351);
INSERT INTO resto_zasb.dbo.[Order/Dish] (dish_id, order_id) VALUES (40, 351);
INSERT INTO resto_zasb.dbo.[Order/Dish] (dish_id, order_id) VALUES (35, 351);
INSERT INTO resto_zasb.dbo.[Order/Dish] (dish_id, order_id) VALUES (43, 351);
INSERT INTO resto_zasb.dbo.[Order/Dish] (dish_id, order_id) VALUES (36, 352);
INSERT INTO resto_zasb.dbo.[Order/Dish] (dish_id, order_id) VALUES (37, 353);
INSERT INTO resto_zasb.dbo.[Order/Dish] (dish_id, order_id) VALUES (11, 353);
INSERT INTO resto_zasb.dbo.[Order/Dish] (dish_id, order_id) VALUES (19, 354);
INSERT INTO resto_zasb.dbo.[Order/Dish] (dish_id, order_id) VALUES (38, 354);
INSERT INTO resto_zasb.dbo.[Order/Dish] (dish_id, order_id) VALUES (43, 354);
INSERT INTO resto_zasb.dbo.[Order/Dish] (dish_id, order_id) VALUES (23, 355);
INSERT INTO resto_zasb.dbo.[Order/Dish] (dish_id, order_id) VALUES (15, 355);
INSERT INTO resto_zasb.dbo.[Order/Dish] (dish_id, order_id) VALUES (32, 356);
INSERT INTO resto_zasb.dbo.[Order/Dish] (dish_id, order_id) VALUES (5, 356);
INSERT INTO resto_zasb.dbo.[Order/Dish] (dish_id, order_id) VALUES (23, 356);
INSERT INTO resto_zasb.dbo.[Order/Dish] (dish_id, order_id) VALUES (6, 357);
INSERT INTO resto_zasb.dbo.[Order/Dish] (dish_id, order_id) VALUES (8, 357);
INSERT INTO resto_zasb.dbo.[Order/Dish] (dish_id, order_id) VALUES (14, 358);
INSERT INTO resto_zasb.dbo.[Order/Dish] (dish_id, order_id) VALUES (5, 358);
INSERT INTO resto_zasb.dbo.[Order/Dish] (dish_id, order_id) VALUES (6, 358);
INSERT INTO resto_zasb.dbo.[Order/Dish] (dish_id, order_id) VALUES (13, 359);
INSERT INTO resto_zasb.dbo.[Order/Dish] (dish_id, order_id) VALUES (30, 359);
INSERT INTO resto_zasb.dbo.[Order/Dish] (dish_id, order_id) VALUES (45, 359);
INSERT INTO resto_zasb.dbo.[Order/Dish] (dish_id, order_id) VALUES (47, 359);
INSERT INTO resto_zasb.dbo.[Order/Dish] (dish_id, order_id) VALUES (29, 360);
INSERT INTO resto_zasb.dbo.[Order/Dish] (dish_id, order_id) VALUES (4, 360);
INSERT INTO resto_zasb.dbo.[Order/Dish] (dish_id, order_id) VALUES (35, 360);
INSERT INTO resto_zasb.dbo.[Order/Dish] (dish_id, order_id) VALUES (8, 361);
INSERT INTO resto_zasb.dbo.[Order/Dish] (dish_id, order_id) VALUES (39, 361);
INSERT INTO resto_zasb.dbo.[Order/Dish] (dish_id, order_id) VALUES (32, 361);
INSERT INTO resto_zasb.dbo.[Order/Dish] (dish_id, order_id) VALUES (44, 361);
INSERT INTO resto_zasb.dbo.[Order/Dish] (dish_id, order_id) VALUES (47, 361);
INSERT INTO resto_zasb.dbo.[Order/Dish] (dish_id, order_id) VALUES (39, 362);
INSERT INTO resto_zasb.dbo.[Order/Dish] (dish_id, order_id) VALUES (40, 362);
INSERT INTO resto_zasb.dbo.[Order/Dish] (dish_id, order_id) VALUES (45, 362);
INSERT INTO resto_zasb.dbo.[Order/Dish] (dish_id, order_id) VALUES (25, 362);
INSERT INTO resto_zasb.dbo.[Order/Dish] (dish_id, order_id) VALUES (30, 362);
INSERT INTO resto_zasb.dbo.[Order/Dish] (dish_id, order_id) VALUES (21, 363);
INSERT INTO resto_zasb.dbo.[Order/Dish] (dish_id, order_id) VALUES (3, 363);
INSERT INTO resto_zasb.dbo.[Order/Dish] (dish_id, order_id) VALUES (34, 363);
INSERT INTO resto_zasb.dbo.[Order/Dish] (dish_id, order_id) VALUES (1, 363);
INSERT INTO resto_zasb.dbo.[Order/Dish] (dish_id, order_id) VALUES (11, 363);
INSERT INTO resto_zasb.dbo.[Order/Dish] (dish_id, order_id) VALUES (4, 364);
INSERT INTO resto_zasb.dbo.[Order/Dish] (dish_id, order_id) VALUES (1, 364);
INSERT INTO resto_zasb.dbo.[Order/Dish] (dish_id, order_id) VALUES (31, 364);
INSERT INTO resto_zasb.dbo.[Order/Dish] (dish_id, order_id) VALUES (43, 365);
INSERT INTO resto_zasb.dbo.[Order/Dish] (dish_id, order_id) VALUES (1, 365);
INSERT INTO resto_zasb.dbo.[Order/Dish] (dish_id, order_id) VALUES (44, 366);
INSERT INTO resto_zasb.dbo.[Order/Dish] (dish_id, order_id) VALUES (47, 366);
INSERT INTO resto_zasb.dbo.[Order/Dish] (dish_id, order_id) VALUES (43, 366);
INSERT INTO resto_zasb.dbo.[Order/Dish] (dish_id, order_id) VALUES (23, 367);
INSERT INTO resto_zasb.dbo.[Order/Dish] (dish_id, order_id) VALUES (18, 368);
INSERT INTO resto_zasb.dbo.[Order/Dish] (dish_id, order_id) VALUES (4, 368);
INSERT INTO resto_zasb.dbo.[Order/Dish] (dish_id, order_id) VALUES (9, 368);
INSERT INTO resto_zasb.dbo.[Order/Dish] (dish_id, order_id) VALUES (5, 368);
INSERT INTO resto_zasb.dbo.[Order/Dish] (dish_id, order_id) VALUES (15, 369);
INSERT INTO resto_zasb.dbo.[Order/Dish] (dish_id, order_id) VALUES (43, 369);
INSERT INTO resto_zasb.dbo.[Order/Dish] (dish_id, order_id) VALUES (43, 370);
INSERT INTO resto_zasb.dbo.[Order/Dish] (dish_id, order_id) VALUES (45, 370);
INSERT INTO resto_zasb.dbo.[Order/Dish] (dish_id, order_id) VALUES (40, 370);
INSERT INTO resto_zasb.dbo.[Order/Dish] (dish_id, order_id) VALUES (5, 371);
INSERT INTO resto_zasb.dbo.[Order/Dish] (dish_id, order_id) VALUES (41, 372);
INSERT INTO resto_zasb.dbo.[Order/Dish] (dish_id, order_id) VALUES (24, 372);
INSERT INTO resto_zasb.dbo.[Order/Dish] (dish_id, order_id) VALUES (25, 372);
INSERT INTO resto_zasb.dbo.[Order/Dish] (dish_id, order_id) VALUES (10, 372);
INSERT INTO resto_zasb.dbo.[Order/Dish] (dish_id, order_id) VALUES (32, 372);
INSERT INTO resto_zasb.dbo.[Order/Dish] (dish_id, order_id) VALUES (1, 373);
INSERT INTO resto_zasb.dbo.[Order/Dish] (dish_id, order_id) VALUES (44, 373);
INSERT INTO resto_zasb.dbo.[Order/Dish] (dish_id, order_id) VALUES (28, 374);
INSERT INTO resto_zasb.dbo.[Order/Dish] (dish_id, order_id) VALUES (45, 374);
INSERT INTO resto_zasb.dbo.[Order/Dish] (dish_id, order_id) VALUES (30, 375);
INSERT INTO resto_zasb.dbo.[Order/Dish] (dish_id, order_id) VALUES (46, 375);
INSERT INTO resto_zasb.dbo.[Order/Dish] (dish_id, order_id) VALUES (35, 375);
INSERT INTO resto_zasb.dbo.[Order/Dish] (dish_id, order_id) VALUES (16, 376);
INSERT INTO resto_zasb.dbo.[Order/Dish] (dish_id, order_id) VALUES (8, 376);
INSERT INTO resto_zasb.dbo.[Order/Dish] (dish_id, order_id) VALUES (36, 376);
INSERT INTO resto_zasb.dbo.[Order/Dish] (dish_id, order_id) VALUES (16, 377);
INSERT INTO resto_zasb.dbo.[Order/Dish] (dish_id, order_id) VALUES (46, 378);
INSERT INTO resto_zasb.dbo.[Order/Dish] (dish_id, order_id) VALUES (30, 378);
INSERT INTO resto_zasb.dbo.[Order/Dish] (dish_id, order_id) VALUES (9, 379);
INSERT INTO resto_zasb.dbo.[Order/Dish] (dish_id, order_id) VALUES (2, 379);
INSERT INTO resto_zasb.dbo.[Order/Dish] (dish_id, order_id) VALUES (11, 379);
INSERT INTO resto_zasb.dbo.[Order/Dish] (dish_id, order_id) VALUES (5, 380);
INSERT INTO resto_zasb.dbo.[Order/Dish] (dish_id, order_id) VALUES (20, 380);
INSERT INTO resto_zasb.dbo.[Order/Dish] (dish_id, order_id) VALUES (8, 381);
INSERT INTO resto_zasb.dbo.[Order/Dish] (dish_id, order_id) VALUES (15, 381);
INSERT INTO resto_zasb.dbo.[Order/Dish] (dish_id, order_id) VALUES (13, 381);
INSERT INTO resto_zasb.dbo.[Order/Dish] (dish_id, order_id) VALUES (49, 381);
INSERT INTO resto_zasb.dbo.[Order/Dish] (dish_id, order_id) VALUES (16, 382);
INSERT INTO resto_zasb.dbo.[Order/Dish] (dish_id, order_id) VALUES (28, 382);
INSERT INTO resto_zasb.dbo.[Order/Dish] (dish_id, order_id) VALUES (47, 382);
INSERT INTO resto_zasb.dbo.[Order/Dish] (dish_id, order_id) VALUES (42, 383);
INSERT INTO resto_zasb.dbo.[Order/Dish] (dish_id, order_id) VALUES (31, 383);
INSERT INTO resto_zasb.dbo.[Order/Dish] (dish_id, order_id) VALUES (30, 384);
INSERT INTO resto_zasb.dbo.[Order/Dish] (dish_id, order_id) VALUES (33, 384);
INSERT INTO resto_zasb.dbo.[Order/Dish] (dish_id, order_id) VALUES (5, 384);
INSERT INTO resto_zasb.dbo.[Order/Dish] (dish_id, order_id) VALUES (42, 384);
INSERT INTO resto_zasb.dbo.[Order/Dish] (dish_id, order_id) VALUES (40, 385);
INSERT INTO resto_zasb.dbo.[Order/Dish] (dish_id, order_id) VALUES (2, 386);
INSERT INTO resto_zasb.dbo.[Order/Dish] (dish_id, order_id) VALUES (38, 386);
INSERT INTO resto_zasb.dbo.[Order/Dish] (dish_id, order_id) VALUES (20, 386);
INSERT INTO resto_zasb.dbo.[Order/Dish] (dish_id, order_id) VALUES (14, 387);
INSERT INTO resto_zasb.dbo.[Order/Dish] (dish_id, order_id) VALUES (14, 387);
INSERT INTO resto_zasb.dbo.[Order/Dish] (dish_id, order_id) VALUES (48, 387);
INSERT INTO resto_zasb.dbo.[Order/Dish] (dish_id, order_id) VALUES (5, 387);
INSERT INTO resto_zasb.dbo.[Order/Dish] (dish_id, order_id) VALUES (4, 387);
INSERT INTO resto_zasb.dbo.[Order/Dish] (dish_id, order_id) VALUES (34, 388);
INSERT INTO resto_zasb.dbo.[Order/Dish] (dish_id, order_id) VALUES (18, 388);
INSERT INTO resto_zasb.dbo.[Order/Dish] (dish_id, order_id) VALUES (38, 388);
INSERT INTO resto_zasb.dbo.[Order/Dish] (dish_id, order_id) VALUES (30, 388);
INSERT INTO resto_zasb.dbo.[Order/Dish] (dish_id, order_id) VALUES (32, 389);
INSERT INTO resto_zasb.dbo.[Order/Dish] (dish_id, order_id) VALUES (40, 389);
INSERT INTO resto_zasb.dbo.[Order/Dish] (dish_id, order_id) VALUES (43, 389);
INSERT INTO resto_zasb.dbo.[Order/Dish] (dish_id, order_id) VALUES (38, 390);
INSERT INTO resto_zasb.dbo.[Order/Dish] (dish_id, order_id) VALUES (20, 391);
INSERT INTO resto_zasb.dbo.[Order/Dish] (dish_id, order_id) VALUES (20, 392);
INSERT INTO resto_zasb.dbo.[Order/Dish] (dish_id, order_id) VALUES (49, 392);
INSERT INTO resto_zasb.dbo.[Order/Dish] (dish_id, order_id) VALUES (6, 393);
INSERT INTO resto_zasb.dbo.[Order/Dish] (dish_id, order_id) VALUES (2, 393);
INSERT INTO resto_zasb.dbo.[Order/Dish] (dish_id, order_id) VALUES (6, 393);
INSERT INTO resto_zasb.dbo.[Order/Dish] (dish_id, order_id) VALUES (39, 393);
INSERT INTO resto_zasb.dbo.[Order/Dish] (dish_id, order_id) VALUES (39, 394);
INSERT INTO resto_zasb.dbo.[Order/Dish] (dish_id, order_id) VALUES (36, 395);
INSERT INTO resto_zasb.dbo.[Order/Dish] (dish_id, order_id) VALUES (0, 395);
INSERT INTO resto_zasb.dbo.[Order/Dish] (dish_id, order_id) VALUES (19, 395);
INSERT INTO resto_zasb.dbo.[Order/Dish] (dish_id, order_id) VALUES (29, 395);
INSERT INTO resto_zasb.dbo.[Order/Dish] (dish_id, order_id) VALUES (13, 395);
INSERT INTO resto_zasb.dbo.[Order/Dish] (dish_id, order_id) VALUES (34, 396);
INSERT INTO resto_zasb.dbo.[Order/Dish] (dish_id, order_id) VALUES (21, 396);
INSERT INTO resto_zasb.dbo.[Order/Dish] (dish_id, order_id) VALUES (23, 396);
INSERT INTO resto_zasb.dbo.[Order/Dish] (dish_id, order_id) VALUES (0, 397);
INSERT INTO resto_zasb.dbo.[Order/Dish] (dish_id, order_id) VALUES (31, 398);
INSERT INTO resto_zasb.dbo.[Order/Dish] (dish_id, order_id) VALUES (38, 398);
INSERT INTO resto_zasb.dbo.[Order/Dish] (dish_id, order_id) VALUES (26, 398);
INSERT INTO resto_zasb.dbo.[Order/Dish] (dish_id, order_id) VALUES (7, 399);
INSERT INTO resto_zasb.dbo.[Order/Dish] (dish_id, order_id) VALUES (1, 399);
INSERT INTO resto_zasb.dbo.[Order/Dish] (dish_id, order_id) VALUES (8, 399);
INSERT INTO resto_zasb.dbo.[Order/Dish] (dish_id, order_id) VALUES (47, 399);
INSERT INTO resto_zasb.dbo.[Order/Dish] (dish_id, order_id) VALUES (24, 399);
INSERT INTO resto_zasb.dbo.[Order/Dish] (dish_id, order_id) VALUES (26, 400);
INSERT INTO resto_zasb.dbo.[Order/Dish] (dish_id, order_id) VALUES (47, 400);
INSERT INTO resto_zasb.dbo.[Order/Dish] (dish_id, order_id) VALUES (15, 401);
INSERT INTO resto_zasb.dbo.[Order/Dish] (dish_id, order_id) VALUES (4, 401);
INSERT INTO resto_zasb.dbo.[Order/Dish] (dish_id, order_id) VALUES (7, 401);
INSERT INTO resto_zasb.dbo.[Order/Dish] (dish_id, order_id) VALUES (28, 401);
INSERT INTO resto_zasb.dbo.[Order/Dish] (dish_id, order_id) VALUES (47, 401);
INSERT INTO resto_zasb.dbo.[Order/Dish] (dish_id, order_id) VALUES (39, 402);
INSERT INTO resto_zasb.dbo.[Order/Dish] (dish_id, order_id) VALUES (39, 402);
INSERT INTO resto_zasb.dbo.[Order/Dish] (dish_id, order_id) VALUES (4, 402);
INSERT INTO resto_zasb.dbo.[Order/Dish] (dish_id, order_id) VALUES (38, 402);
INSERT INTO resto_zasb.dbo.[Order/Dish] (dish_id, order_id) VALUES (45, 402);
INSERT INTO resto_zasb.dbo.[Order/Dish] (dish_id, order_id) VALUES (29, 403);
INSERT INTO resto_zasb.dbo.[Order/Dish] (dish_id, order_id) VALUES (24, 404);
INSERT INTO resto_zasb.dbo.[Order/Dish] (dish_id, order_id) VALUES (30, 404);
INSERT INTO resto_zasb.dbo.[Order/Dish] (dish_id, order_id) VALUES (34, 404);
INSERT INTO resto_zasb.dbo.[Order/Dish] (dish_id, order_id) VALUES (5, 405);
INSERT INTO resto_zasb.dbo.[Order/Dish] (dish_id, order_id) VALUES (29, 406);
INSERT INTO resto_zasb.dbo.[Order/Dish] (dish_id, order_id) VALUES (14, 406);
INSERT INTO resto_zasb.dbo.[Order/Dish] (dish_id, order_id) VALUES (20, 406);
INSERT INTO resto_zasb.dbo.[Order/Dish] (dish_id, order_id) VALUES (2, 406);
INSERT INTO resto_zasb.dbo.[Order/Dish] (dish_id, order_id) VALUES (9, 407);
INSERT INTO resto_zasb.dbo.[Order/Dish] (dish_id, order_id) VALUES (15, 407);
INSERT INTO resto_zasb.dbo.[Order/Dish] (dish_id, order_id) VALUES (6, 408);
INSERT INTO resto_zasb.dbo.[Order/Dish] (dish_id, order_id) VALUES (1, 408);
INSERT INTO resto_zasb.dbo.[Order/Dish] (dish_id, order_id) VALUES (28, 408);
INSERT INTO resto_zasb.dbo.[Order/Dish] (dish_id, order_id) VALUES (4, 409);
INSERT INTO resto_zasb.dbo.[Order/Dish] (dish_id, order_id) VALUES (14, 409);
INSERT INTO resto_zasb.dbo.[Order/Dish] (dish_id, order_id) VALUES (27, 409);
INSERT INTO resto_zasb.dbo.[Order/Dish] (dish_id, order_id) VALUES (9, 409);
INSERT INTO resto_zasb.dbo.[Order/Dish] (dish_id, order_id) VALUES (44, 410);
INSERT INTO resto_zasb.dbo.[Order/Dish] (dish_id, order_id) VALUES (34, 411);
INSERT INTO resto_zasb.dbo.[Order/Dish] (dish_id, order_id) VALUES (10, 411);
INSERT INTO resto_zasb.dbo.[Order/Dish] (dish_id, order_id) VALUES (1, 412);
INSERT INTO resto_zasb.dbo.[Order/Dish] (dish_id, order_id) VALUES (13, 413);
INSERT INTO resto_zasb.dbo.[Order/Dish] (dish_id, order_id) VALUES (32, 413);
INSERT INTO resto_zasb.dbo.[Order/Dish] (dish_id, order_id) VALUES (18, 413);
INSERT INTO resto_zasb.dbo.[Order/Dish] (dish_id, order_id) VALUES (26, 414);
INSERT INTO resto_zasb.dbo.[Order/Dish] (dish_id, order_id) VALUES (32, 415);
INSERT INTO resto_zasb.dbo.[Order/Dish] (dish_id, order_id) VALUES (38, 416);
INSERT INTO resto_zasb.dbo.[Order/Dish] (dish_id, order_id) VALUES (40, 416);
INSERT INTO resto_zasb.dbo.[Order/Dish] (dish_id, order_id) VALUES (7, 416);
INSERT INTO resto_zasb.dbo.[Order/Dish] (dish_id, order_id) VALUES (48, 416);
INSERT INTO resto_zasb.dbo.[Order/Dish] (dish_id, order_id) VALUES (4, 416);
INSERT INTO resto_zasb.dbo.[Order/Dish] (dish_id, order_id) VALUES (11, 417);
INSERT INTO resto_zasb.dbo.[Order/Dish] (dish_id, order_id) VALUES (29, 417);
INSERT INTO resto_zasb.dbo.[Order/Dish] (dish_id, order_id) VALUES (1, 417);
INSERT INTO resto_zasb.dbo.[Order/Dish] (dish_id, order_id) VALUES (38, 417);
INSERT INTO resto_zasb.dbo.[Order/Dish] (dish_id, order_id) VALUES (11, 417);
INSERT INTO resto_zasb.dbo.[Order/Dish] (dish_id, order_id) VALUES (41, 418);
INSERT INTO resto_zasb.dbo.[Order/Dish] (dish_id, order_id) VALUES (42, 418);
INSERT INTO resto_zasb.dbo.[Order/Dish] (dish_id, order_id) VALUES (5, 419);
INSERT INTO resto_zasb.dbo.[Order/Dish] (dish_id, order_id) VALUES (48, 419);
INSERT INTO resto_zasb.dbo.[Order/Dish] (dish_id, order_id) VALUES (48, 419);
INSERT INTO resto_zasb.dbo.[Order/Dish] (dish_id, order_id) VALUES (12, 419);
INSERT INTO resto_zasb.dbo.[Order/Dish] (dish_id, order_id) VALUES (0, 420);
INSERT INTO resto_zasb.dbo.[Order/Dish] (dish_id, order_id) VALUES (30, 420);
INSERT INTO resto_zasb.dbo.[Order/Dish] (dish_id, order_id) VALUES (38, 420);
INSERT INTO resto_zasb.dbo.[Order/Dish] (dish_id, order_id) VALUES (6, 420);
INSERT INTO resto_zasb.dbo.[Order/Dish] (dish_id, order_id) VALUES (39, 421);
INSERT INTO resto_zasb.dbo.[Order/Dish] (dish_id, order_id) VALUES (34, 422);
INSERT INTO resto_zasb.dbo.[Order/Dish] (dish_id, order_id) VALUES (12, 422);
INSERT INTO resto_zasb.dbo.[Order/Dish] (dish_id, order_id) VALUES (24, 422);
INSERT INTO resto_zasb.dbo.[Order/Dish] (dish_id, order_id) VALUES (37, 422);
INSERT INTO resto_zasb.dbo.[Order/Dish] (dish_id, order_id) VALUES (17, 423);
INSERT INTO resto_zasb.dbo.[Order/Dish] (dish_id, order_id) VALUES (13, 424);
INSERT INTO resto_zasb.dbo.[Order/Dish] (dish_id, order_id) VALUES (45, 424);
INSERT INTO resto_zasb.dbo.[Order/Dish] (dish_id, order_id) VALUES (9, 424);
INSERT INTO resto_zasb.dbo.[Order/Dish] (dish_id, order_id) VALUES (18, 424);
INSERT INTO resto_zasb.dbo.[Order/Dish] (dish_id, order_id) VALUES (27, 424);
INSERT INTO resto_zasb.dbo.[Order/Dish] (dish_id, order_id) VALUES (46, 425);
INSERT INTO resto_zasb.dbo.[Order/Dish] (dish_id, order_id) VALUES (13, 426);
INSERT INTO resto_zasb.dbo.[Order/Dish] (dish_id, order_id) VALUES (5, 426);
INSERT INTO resto_zasb.dbo.[Order/Dish] (dish_id, order_id) VALUES (35, 426);
INSERT INTO resto_zasb.dbo.[Order/Dish] (dish_id, order_id) VALUES (18, 426);
INSERT INTO resto_zasb.dbo.[Order/Dish] (dish_id, order_id) VALUES (15, 426);
INSERT INTO resto_zasb.dbo.[Order/Dish] (dish_id, order_id) VALUES (47, 427);
INSERT INTO resto_zasb.dbo.[Order/Dish] (dish_id, order_id) VALUES (12, 427);
INSERT INTO resto_zasb.dbo.[Order/Dish] (dish_id, order_id) VALUES (19, 427);
INSERT INTO resto_zasb.dbo.[Order/Dish] (dish_id, order_id) VALUES (34, 427);
INSERT INTO resto_zasb.dbo.[Order/Dish] (dish_id, order_id) VALUES (36, 427);
INSERT INTO resto_zasb.dbo.[Order/Dish] (dish_id, order_id) VALUES (44, 428);
INSERT INTO resto_zasb.dbo.[Order/Dish] (dish_id, order_id) VALUES (32, 428);
INSERT INTO resto_zasb.dbo.[Order/Dish] (dish_id, order_id) VALUES (22, 428);
INSERT INTO resto_zasb.dbo.[Order/Dish] (dish_id, order_id) VALUES (44, 428);
INSERT INTO resto_zasb.dbo.[Order/Dish] (dish_id, order_id) VALUES (26, 428);
INSERT INTO resto_zasb.dbo.[Order/Dish] (dish_id, order_id) VALUES (35, 429);
INSERT INTO resto_zasb.dbo.[Order/Dish] (dish_id, order_id) VALUES (35, 429);
INSERT INTO resto_zasb.dbo.[Order/Dish] (dish_id, order_id) VALUES (17, 430);
INSERT INTO resto_zasb.dbo.[Order/Dish] (dish_id, order_id) VALUES (37, 430);
INSERT INTO resto_zasb.dbo.[Order/Dish] (dish_id, order_id) VALUES (18, 431);
INSERT INTO resto_zasb.dbo.[Order/Dish] (dish_id, order_id) VALUES (2, 431);
INSERT INTO resto_zasb.dbo.[Order/Dish] (dish_id, order_id) VALUES (47, 432);
INSERT INTO resto_zasb.dbo.[Order/Dish] (dish_id, order_id) VALUES (28, 432);
INSERT INTO resto_zasb.dbo.[Order/Dish] (dish_id, order_id) VALUES (18, 433);
INSERT INTO resto_zasb.dbo.[Order/Dish] (dish_id, order_id) VALUES (27, 433);
INSERT INTO resto_zasb.dbo.[Order/Dish] (dish_id, order_id) VALUES (3, 433);
INSERT INTO resto_zasb.dbo.[Order/Dish] (dish_id, order_id) VALUES (3, 434);
INSERT INTO resto_zasb.dbo.[Order/Dish] (dish_id, order_id) VALUES (46, 434);
INSERT INTO resto_zasb.dbo.[Order/Dish] (dish_id, order_id) VALUES (44, 434);
INSERT INTO resto_zasb.dbo.[Order/Dish] (dish_id, order_id) VALUES (10, 435);
INSERT INTO resto_zasb.dbo.[Order/Dish] (dish_id, order_id) VALUES (19, 435);
INSERT INTO resto_zasb.dbo.[Order/Dish] (dish_id, order_id) VALUES (10, 435);
INSERT INTO resto_zasb.dbo.[Order/Dish] (dish_id, order_id) VALUES (12, 436);
INSERT INTO resto_zasb.dbo.[Order/Dish] (dish_id, order_id) VALUES (16, 436);
INSERT INTO resto_zasb.dbo.[Order/Dish] (dish_id, order_id) VALUES (19, 436);
INSERT INTO resto_zasb.dbo.[Order/Dish] (dish_id, order_id) VALUES (5, 436);
INSERT INTO resto_zasb.dbo.[Order/Dish] (dish_id, order_id) VALUES (15, 436);
INSERT INTO resto_zasb.dbo.[Order/Dish] (dish_id, order_id) VALUES (19, 437);
INSERT INTO resto_zasb.dbo.[Order/Dish] (dish_id, order_id) VALUES (26, 437);
INSERT INTO resto_zasb.dbo.[Order/Dish] (dish_id, order_id) VALUES (25, 437);
INSERT INTO resto_zasb.dbo.[Order/Dish] (dish_id, order_id) VALUES (30, 438);
INSERT INTO resto_zasb.dbo.[Order/Dish] (dish_id, order_id) VALUES (9, 439);
INSERT INTO resto_zasb.dbo.[Order/Dish] (dish_id, order_id) VALUES (12, 440);
INSERT INTO resto_zasb.dbo.[Order/Dish] (dish_id, order_id) VALUES (34, 440);
INSERT INTO resto_zasb.dbo.[Order/Dish] (dish_id, order_id) VALUES (17, 440);
INSERT INTO resto_zasb.dbo.[Order/Dish] (dish_id, order_id) VALUES (32, 441);
INSERT INTO resto_zasb.dbo.[Order/Dish] (dish_id, order_id) VALUES (40, 441);
INSERT INTO resto_zasb.dbo.[Order/Dish] (dish_id, order_id) VALUES (25, 441);
INSERT INTO resto_zasb.dbo.[Order/Dish] (dish_id, order_id) VALUES (40, 441);
INSERT INTO resto_zasb.dbo.[Order/Dish] (dish_id, order_id) VALUES (41, 441);
INSERT INTO resto_zasb.dbo.[Order/Dish] (dish_id, order_id) VALUES (0, 442);
INSERT INTO resto_zasb.dbo.[Order/Dish] (dish_id, order_id) VALUES (41, 104);
INSERT INTO resto_zasb.dbo.[Order/Dish] (dish_id, order_id) VALUES (1, 104);
INSERT INTO resto_zasb.dbo.[Order/Dish] (dish_id, order_id) VALUES (0, 105);
INSERT INTO resto_zasb.dbo.[Order/Dish] (dish_id, order_id) VALUES (20, 105);
INSERT INTO resto_zasb.dbo.[Order/Dish] (dish_id, order_id) VALUES (8, 105);
INSERT INTO resto_zasb.dbo.[Order/Dish] (dish_id, order_id) VALUES (21, 106);
INSERT INTO resto_zasb.dbo.[Order/Dish] (dish_id, order_id) VALUES (1, 106);
INSERT INTO resto_zasb.dbo.[Order/Dish] (dish_id, order_id) VALUES (17, 106);
INSERT INTO resto_zasb.dbo.[Order/Dish] (dish_id, order_id) VALUES (2, 106);
INSERT INTO resto_zasb.dbo.[Order/Dish] (dish_id, order_id) VALUES (41, 106);
INSERT INTO resto_zasb.dbo.[Order/Dish] (dish_id, order_id) VALUES (45, 107);
INSERT INTO resto_zasb.dbo.[Order/Dish] (dish_id, order_id) VALUES (22, 107);
INSERT INTO resto_zasb.dbo.[Order/Dish] (dish_id, order_id) VALUES (14, 107);
INSERT INTO resto_zasb.dbo.[Order/Dish] (dish_id, order_id) VALUES (33, 107);
INSERT INTO resto_zasb.dbo.[Order/Dish] (dish_id, order_id) VALUES (21, 107);
INSERT INTO resto_zasb.dbo.[Order/Dish] (dish_id, order_id) VALUES (26, 108);
INSERT INTO resto_zasb.dbo.[Order/Dish] (dish_id, order_id) VALUES (10, 109);
INSERT INTO resto_zasb.dbo.[Order/Dish] (dish_id, order_id) VALUES (2, 109);
INSERT INTO resto_zasb.dbo.[Order/Dish] (dish_id, order_id) VALUES (33, 109);
INSERT INTO resto_zasb.dbo.[Order/Dish] (dish_id, order_id) VALUES (44, 109);
INSERT INTO resto_zasb.dbo.[Order/Dish] (dish_id, order_id) VALUES (11, 110);
INSERT INTO resto_zasb.dbo.[Order/Dish] (dish_id, order_id) VALUES (20, 111);
INSERT INTO resto_zasb.dbo.[Order/Dish] (dish_id, order_id) VALUES (23, 111);
INSERT INTO resto_zasb.dbo.[Order/Dish] (dish_id, order_id) VALUES (11, 111);
INSERT INTO resto_zasb.dbo.[Order/Dish] (dish_id, order_id) VALUES (35, 112);
INSERT INTO resto_zasb.dbo.[Order/Dish] (dish_id, order_id) VALUES (21, 113);
INSERT INTO resto_zasb.dbo.[Order/Dish] (dish_id, order_id) VALUES (21, 114);
INSERT INTO resto_zasb.dbo.[Order/Dish] (dish_id, order_id) VALUES (22, 114);
INSERT INTO resto_zasb.dbo.[Order/Dish] (dish_id, order_id) VALUES (28, 114);
INSERT INTO resto_zasb.dbo.[Order/Dish] (dish_id, order_id) VALUES (8, 115);
INSERT INTO resto_zasb.dbo.[Order/Dish] (dish_id, order_id) VALUES (26, 115);
INSERT INTO resto_zasb.dbo.[Order/Dish] (dish_id, order_id) VALUES (2, 115);
INSERT INTO resto_zasb.dbo.[Order/Dish] (dish_id, order_id) VALUES (17, 115);
INSERT INTO resto_zasb.dbo.[Order/Dish] (dish_id, order_id) VALUES (36, 115);
INSERT INTO resto_zasb.dbo.[Order/Dish] (dish_id, order_id) VALUES (10, 116);
INSERT INTO resto_zasb.dbo.[Order/Dish] (dish_id, order_id) VALUES (43, 116);
INSERT INTO resto_zasb.dbo.[Order/Dish] (dish_id, order_id) VALUES (38, 116);
INSERT INTO resto_zasb.dbo.[Order/Dish] (dish_id, order_id) VALUES (0, 116);
INSERT INTO resto_zasb.dbo.[Order/Dish] (dish_id, order_id) VALUES (28, 117);
INSERT INTO resto_zasb.dbo.[Order/Dish] (dish_id, order_id) VALUES (15, 117);
INSERT INTO resto_zasb.dbo.[Order/Dish] (dish_id, order_id) VALUES (19, 117);
INSERT INTO resto_zasb.dbo.[Order/Dish] (dish_id, order_id) VALUES (17, 117);
INSERT INTO resto_zasb.dbo.[Order/Dish] (dish_id, order_id) VALUES (39, 118);
INSERT INTO resto_zasb.dbo.[Order/Dish] (dish_id, order_id) VALUES (13, 118);
INSERT INTO resto_zasb.dbo.[Order/Dish] (dish_id, order_id) VALUES (31, 118);
INSERT INTO resto_zasb.dbo.[Order/Dish] (dish_id, order_id) VALUES (46, 118);
INSERT INTO resto_zasb.dbo.[Order/Dish] (dish_id, order_id) VALUES (32, 119);
INSERT INTO resto_zasb.dbo.[Order/Dish] (dish_id, order_id) VALUES (33, 119);
INSERT INTO resto_zasb.dbo.[Order/Dish] (dish_id, order_id) VALUES (28, 119);
INSERT INTO resto_zasb.dbo.[Order/Dish] (dish_id, order_id) VALUES (36, 119);
INSERT INTO resto_zasb.dbo.[Order/Dish] (dish_id, order_id) VALUES (34, 120);
INSERT INTO resto_zasb.dbo.[Order/Dish] (dish_id, order_id) VALUES (6, 120);
INSERT INTO resto_zasb.dbo.[Order/Dish] (dish_id, order_id) VALUES (39, 120);
INSERT INTO resto_zasb.dbo.[Order/Dish] (dish_id, order_id) VALUES (39, 121);
INSERT INTO resto_zasb.dbo.[Order/Dish] (dish_id, order_id) VALUES (4, 121);
INSERT INTO resto_zasb.dbo.[Order/Dish] (dish_id, order_id) VALUES (18, 121);
INSERT INTO resto_zasb.dbo.[Order/Dish] (dish_id, order_id) VALUES (1, 121);
INSERT INTO resto_zasb.dbo.[Order/Dish] (dish_id, order_id) VALUES (35, 122);
INSERT INTO resto_zasb.dbo.[Order/Dish] (dish_id, order_id) VALUES (11, 122);
INSERT INTO resto_zasb.dbo.[Order/Dish] (dish_id, order_id) VALUES (18, 122);
INSERT INTO resto_zasb.dbo.[Order/Dish] (dish_id, order_id) VALUES (41, 122);
INSERT INTO resto_zasb.dbo.[Order/Dish] (dish_id, order_id) VALUES (8, 123);
INSERT INTO resto_zasb.dbo.[Order/Dish] (dish_id, order_id) VALUES (44, 123);
INSERT INTO resto_zasb.dbo.[Order/Dish] (dish_id, order_id) VALUES (28, 123);
INSERT INTO resto_zasb.dbo.[Order/Dish] (dish_id, order_id) VALUES (33, 123);
INSERT INTO resto_zasb.dbo.[Order/Dish] (dish_id, order_id) VALUES (33, 123);
INSERT INTO resto_zasb.dbo.[Order/Dish] (dish_id, order_id) VALUES (16, 124);
INSERT INTO resto_zasb.dbo.[Order/Dish] (dish_id, order_id) VALUES (23, 124);
INSERT INTO resto_zasb.dbo.[Order/Dish] (dish_id, order_id) VALUES (40, 124);
INSERT INTO resto_zasb.dbo.[Order/Dish] (dish_id, order_id) VALUES (13, 125);
INSERT INTO resto_zasb.dbo.[Order/Dish] (dish_id, order_id) VALUES (47, 125);
INSERT INTO resto_zasb.dbo.[Order/Dish] (dish_id, order_id) VALUES (2, 126);
INSERT INTO resto_zasb.dbo.[Order/Dish] (dish_id, order_id) VALUES (5, 126);
INSERT INTO resto_zasb.dbo.[Order/Dish] (dish_id, order_id) VALUES (29, 127);
INSERT INTO resto_zasb.dbo.[Order/Dish] (dish_id, order_id) VALUES (38, 127);
INSERT INTO resto_zasb.dbo.[Order/Dish] (dish_id, order_id) VALUES (19, 127);
INSERT INTO resto_zasb.dbo.[Order/Dish] (dish_id, order_id) VALUES (42, 128);
INSERT INTO resto_zasb.dbo.[Order/Dish] (dish_id, order_id) VALUES (2, 128);
INSERT INTO resto_zasb.dbo.[Order/Dish] (dish_id, order_id) VALUES (8, 128);
INSERT INTO resto_zasb.dbo.[Order/Dish] (dish_id, order_id) VALUES (42, 128);
INSERT INTO resto_zasb.dbo.[Order/Dish] (dish_id, order_id) VALUES (33, 129);
INSERT INTO resto_zasb.dbo.[Order/Dish] (dish_id, order_id) VALUES (30, 129);
INSERT INTO resto_zasb.dbo.[Order/Dish] (dish_id, order_id) VALUES (45, 129);
INSERT INTO resto_zasb.dbo.[Order/Dish] (dish_id, order_id) VALUES (0, 129);
INSERT INTO resto_zasb.dbo.[Order/Dish] (dish_id, order_id) VALUES (9, 130);
INSERT INTO resto_zasb.dbo.[Order/Dish] (dish_id, order_id) VALUES (28, 131);
INSERT INTO resto_zasb.dbo.[Order/Dish] (dish_id, order_id) VALUES (46, 131);
INSERT INTO resto_zasb.dbo.[Order/Dish] (dish_id, order_id) VALUES (41, 131);
INSERT INTO resto_zasb.dbo.[Order/Dish] (dish_id, order_id) VALUES (5, 131);
INSERT INTO resto_zasb.dbo.[Order/Dish] (dish_id, order_id) VALUES (39, 131);
INSERT INTO resto_zasb.dbo.[Order/Dish] (dish_id, order_id) VALUES (12, 132);
INSERT INTO resto_zasb.dbo.[Order/Dish] (dish_id, order_id) VALUES (35, 132);
INSERT INTO resto_zasb.dbo.[Order/Dish] (dish_id, order_id) VALUES (36, 132);
INSERT INTO resto_zasb.dbo.[Order/Dish] (dish_id, order_id) VALUES (17, 132);
INSERT INTO resto_zasb.dbo.[Order/Dish] (dish_id, order_id) VALUES (12, 133);
INSERT INTO resto_zasb.dbo.[Order/Dish] (dish_id, order_id) VALUES (8, 133);
INSERT INTO resto_zasb.dbo.[Order/Dish] (dish_id, order_id) VALUES (30, 133);
INSERT INTO resto_zasb.dbo.[Order/Dish] (dish_id, order_id) VALUES (25, 133);
INSERT INTO resto_zasb.dbo.[Order/Dish] (dish_id, order_id) VALUES (13, 134);
INSERT INTO resto_zasb.dbo.[Order/Dish] (dish_id, order_id) VALUES (12, 134);
INSERT INTO resto_zasb.dbo.[Order/Dish] (dish_id, order_id) VALUES (29, 134);
INSERT INTO resto_zasb.dbo.[Order/Dish] (dish_id, order_id) VALUES (42, 135);
INSERT INTO resto_zasb.dbo.[Order/Dish] (dish_id, order_id) VALUES (15, 135);
INSERT INTO resto_zasb.dbo.[Order/Dish] (dish_id, order_id) VALUES (40, 135);
INSERT INTO resto_zasb.dbo.[Order/Dish] (dish_id, order_id) VALUES (20, 135);
INSERT INTO resto_zasb.dbo.[Order/Dish] (dish_id, order_id) VALUES (1, 136);
INSERT INTO resto_zasb.dbo.[Order/Dish] (dish_id, order_id) VALUES (0, 136);
INSERT INTO resto_zasb.dbo.[Order/Dish] (dish_id, order_id) VALUES (38, 137);
INSERT INTO resto_zasb.dbo.[Order/Dish] (dish_id, order_id) VALUES (5, 137);
INSERT INTO resto_zasb.dbo.[Order/Dish] (dish_id, order_id) VALUES (13, 137);
INSERT INTO resto_zasb.dbo.[Order/Dish] (dish_id, order_id) VALUES (31, 137);
INSERT INTO resto_zasb.dbo.[Order/Dish] (dish_id, order_id) VALUES (38, 137);
INSERT INTO resto_zasb.dbo.[Order/Dish] (dish_id, order_id) VALUES (38, 138);
INSERT INTO resto_zasb.dbo.[Order/Dish] (dish_id, order_id) VALUES (9, 139);
INSERT INTO resto_zasb.dbo.[Order/Dish] (dish_id, order_id) VALUES (28, 139);
INSERT INTO resto_zasb.dbo.[Order/Dish] (dish_id, order_id) VALUES (30, 139);
INSERT INTO resto_zasb.dbo.[Order/Dish] (dish_id, order_id) VALUES (10, 139);
INSERT INTO resto_zasb.dbo.[Order/Dish] (dish_id, order_id) VALUES (16, 140);
INSERT INTO resto_zasb.dbo.[Order/Dish] (dish_id, order_id) VALUES (1, 140);
INSERT INTO resto_zasb.dbo.[Order/Dish] (dish_id, order_id) VALUES (44, 140);
INSERT INTO resto_zasb.dbo.[Order/Dish] (dish_id, order_id) VALUES (26, 141);
INSERT INTO resto_zasb.dbo.[Order/Dish] (dish_id, order_id) VALUES (14, 141);
INSERT INTO resto_zasb.dbo.[Order/Dish] (dish_id, order_id) VALUES (10, 141);
INSERT INTO resto_zasb.dbo.[Order/Dish] (dish_id, order_id) VALUES (35, 141);
INSERT INTO resto_zasb.dbo.[Order/Dish] (dish_id, order_id) VALUES (15, 142);
INSERT INTO resto_zasb.dbo.[Order/Dish] (dish_id, order_id) VALUES (47, 142);
INSERT INTO resto_zasb.dbo.[Order/Dish] (dish_id, order_id) VALUES (12, 142);
INSERT INTO resto_zasb.dbo.[Order/Dish] (dish_id, order_id) VALUES (15, 142);
INSERT INTO resto_zasb.dbo.[Order/Dish] (dish_id, order_id) VALUES (45, 143);
INSERT INTO resto_zasb.dbo.[Order/Dish] (dish_id, order_id) VALUES (38, 143);
INSERT INTO resto_zasb.dbo.[Order/Dish] (dish_id, order_id) VALUES (20, 144);
INSERT INTO resto_zasb.dbo.[Order/Dish] (dish_id, order_id) VALUES (28, 144);
INSERT INTO resto_zasb.dbo.[Order/Dish] (dish_id, order_id) VALUES (7, 144);
INSERT INTO resto_zasb.dbo.[Order/Dish] (dish_id, order_id) VALUES (13, 144);
INSERT INTO resto_zasb.dbo.[Order/Dish] (dish_id, order_id) VALUES (1, 144);
INSERT INTO resto_zasb.dbo.[Order/Dish] (dish_id, order_id) VALUES (26, 145);
INSERT INTO resto_zasb.dbo.[Order/Dish] (dish_id, order_id) VALUES (22, 145);
INSERT INTO resto_zasb.dbo.[Order/Dish] (dish_id, order_id) VALUES (41, 145);
INSERT INTO resto_zasb.dbo.[Order/Dish] (dish_id, order_id) VALUES (0, 145);
INSERT INTO resto_zasb.dbo.[Order/Dish] (dish_id, order_id) VALUES (12, 146);
INSERT INTO resto_zasb.dbo.[Order/Dish] (dish_id, order_id) VALUES (15, 147);
INSERT INTO resto_zasb.dbo.[Order/Dish] (dish_id, order_id) VALUES (34, 147);
INSERT INTO resto_zasb.dbo.[Order/Dish] (dish_id, order_id) VALUES (0, 147);
INSERT INTO resto_zasb.dbo.[Order/Dish] (dish_id, order_id) VALUES (47, 147);
INSERT INTO resto_zasb.dbo.[Order/Dish] (dish_id, order_id) VALUES (35, 147);
INSERT INTO resto_zasb.dbo.[Order/Dish] (dish_id, order_id) VALUES (26, 148);
INSERT INTO resto_zasb.dbo.[Order/Dish] (dish_id, order_id) VALUES (47, 148);
INSERT INTO resto_zasb.dbo.[Order/Dish] (dish_id, order_id) VALUES (25, 149);
INSERT INTO resto_zasb.dbo.[Order/Dish] (dish_id, order_id) VALUES (46, 150);
INSERT INTO resto_zasb.dbo.[Order/Dish] (dish_id, order_id) VALUES (15, 151);
INSERT INTO resto_zasb.dbo.[Order/Dish] (dish_id, order_id) VALUES (18, 151);
INSERT INTO resto_zasb.dbo.[Order/Dish] (dish_id, order_id) VALUES (8, 151);
INSERT INTO resto_zasb.dbo.[Order/Dish] (dish_id, order_id) VALUES (19, 152);
INSERT INTO resto_zasb.dbo.[Order/Dish] (dish_id, order_id) VALUES (21, 153);
INSERT INTO resto_zasb.dbo.[Order/Dish] (dish_id, order_id) VALUES (28, 153);
INSERT INTO resto_zasb.dbo.[Order/Dish] (dish_id, order_id) VALUES (27, 153);
INSERT INTO resto_zasb.dbo.[Order/Dish] (dish_id, order_id) VALUES (41, 154);
INSERT INTO resto_zasb.dbo.[Order/Dish] (dish_id, order_id) VALUES (43, 155);
INSERT INTO resto_zasb.dbo.[Order/Dish] (dish_id, order_id) VALUES (1, 156);
INSERT INTO resto_zasb.dbo.[Order/Dish] (dish_id, order_id) VALUES (38, 157);
INSERT INTO resto_zasb.dbo.[Order/Dish] (dish_id, order_id) VALUES (29, 157);
INSERT INTO resto_zasb.dbo.[Order/Dish] (dish_id, order_id) VALUES (23, 157);
INSERT INTO resto_zasb.dbo.[Order/Dish] (dish_id, order_id) VALUES (41, 157);
INSERT INTO resto_zasb.dbo.[Order/Dish] (dish_id, order_id) VALUES (30, 157);
INSERT INTO resto_zasb.dbo.[Order/Dish] (dish_id, order_id) VALUES (26, 158);
INSERT INTO resto_zasb.dbo.[Order/Dish] (dish_id, order_id) VALUES (40, 158);
INSERT INTO resto_zasb.dbo.[Order/Dish] (dish_id, order_id) VALUES (16, 158);
INSERT INTO resto_zasb.dbo.[Order/Dish] (dish_id, order_id) VALUES (12, 158);
INSERT INTO resto_zasb.dbo.[Order/Dish] (dish_id, order_id) VALUES (43, 159);
INSERT INTO resto_zasb.dbo.[Order/Dish] (dish_id, order_id) VALUES (39, 159);
INSERT INTO resto_zasb.dbo.[Order/Dish] (dish_id, order_id) VALUES (8, 159);
INSERT INTO resto_zasb.dbo.[Order/Dish] (dish_id, order_id) VALUES (15, 159);
INSERT INTO resto_zasb.dbo.[Order/Dish] (dish_id, order_id) VALUES (18, 159);
INSERT INTO resto_zasb.dbo.[Order/Dish] (dish_id, order_id) VALUES (48, 160);
INSERT INTO resto_zasb.dbo.[Order/Dish] (dish_id, order_id) VALUES (11, 160);
INSERT INTO resto_zasb.dbo.[Order/Dish] (dish_id, order_id) VALUES (24, 161);
INSERT INTO resto_zasb.dbo.[Order/Dish] (dish_id, order_id) VALUES (35, 162);
INSERT INTO resto_zasb.dbo.[Order/Dish] (dish_id, order_id) VALUES (45, 162);
INSERT INTO resto_zasb.dbo.[Order/Dish] (dish_id, order_id) VALUES (40, 162);
INSERT INTO resto_zasb.dbo.[Order/Dish] (dish_id, order_id) VALUES (18, 163);
INSERT INTO resto_zasb.dbo.[Order/Dish] (dish_id, order_id) VALUES (10, 163);
INSERT INTO resto_zasb.dbo.[Order/Dish] (dish_id, order_id) VALUES (21, 163);
INSERT INTO resto_zasb.dbo.[Order/Dish] (dish_id, order_id) VALUES (4, 163);
INSERT INTO resto_zasb.dbo.[Order/Dish] (dish_id, order_id) VALUES (28, 163);
INSERT INTO resto_zasb.dbo.[Order/Dish] (dish_id, order_id) VALUES (31, 164);
INSERT INTO resto_zasb.dbo.[Order/Dish] (dish_id, order_id) VALUES (19, 164);
INSERT INTO resto_zasb.dbo.[Order/Dish] (dish_id, order_id) VALUES (26, 164);
INSERT INTO resto_zasb.dbo.[Order/Dish] (dish_id, order_id) VALUES (41, 165);
INSERT INTO resto_zasb.dbo.[Order/Dish] (dish_id, order_id) VALUES (36, 166);
INSERT INTO resto_zasb.dbo.[Order/Dish] (dish_id, order_id) VALUES (49, 166);
INSERT INTO resto_zasb.dbo.[Order/Dish] (dish_id, order_id) VALUES (46, 167);
INSERT INTO resto_zasb.dbo.[Order/Dish] (dish_id, order_id) VALUES (25, 167);
INSERT INTO resto_zasb.dbo.[Order/Dish] (dish_id, order_id) VALUES (40, 167);
INSERT INTO resto_zasb.dbo.[Order/Dish] (dish_id, order_id) VALUES (11, 168);
INSERT INTO resto_zasb.dbo.[Order/Dish] (dish_id, order_id) VALUES (44, 168);
INSERT INTO resto_zasb.dbo.[Order/Dish] (dish_id, order_id) VALUES (0, 169);
INSERT INTO resto_zasb.dbo.[Order/Dish] (dish_id, order_id) VALUES (6, 169);
INSERT INTO resto_zasb.dbo.[Order/Dish] (dish_id, order_id) VALUES (13, 169);
INSERT INTO resto_zasb.dbo.[Order/Dish] (dish_id, order_id) VALUES (10, 169);
INSERT INTO resto_zasb.dbo.[Order/Dish] (dish_id, order_id) VALUES (47, 169);
INSERT INTO resto_zasb.dbo.[Order/Dish] (dish_id, order_id) VALUES (14, 170);
INSERT INTO resto_zasb.dbo.[Order/Dish] (dish_id, order_id) VALUES (11, 171);
INSERT INTO resto_zasb.dbo.[Order/Dish] (dish_id, order_id) VALUES (38, 171);
INSERT INTO resto_zasb.dbo.[Order/Dish] (dish_id, order_id) VALUES (23, 171);
INSERT INTO resto_zasb.dbo.[Order/Dish] (dish_id, order_id) VALUES (9, 171);
INSERT INTO resto_zasb.dbo.[Order/Dish] (dish_id, order_id) VALUES (36, 171);
INSERT INTO resto_zasb.dbo.[Order/Dish] (dish_id, order_id) VALUES (47, 172);
INSERT INTO resto_zasb.dbo.[Order/Dish] (dish_id, order_id) VALUES (24, 172);
INSERT INTO resto_zasb.dbo.[Order/Dish] (dish_id, order_id) VALUES (42, 172);
INSERT INTO resto_zasb.dbo.[Order/Dish] (dish_id, order_id) VALUES (47, 173);
INSERT INTO resto_zasb.dbo.[Order/Dish] (dish_id, order_id) VALUES (9, 173);
INSERT INTO resto_zasb.dbo.[Order/Dish] (dish_id, order_id) VALUES (46, 173);
INSERT INTO resto_zasb.dbo.[Order/Dish] (dish_id, order_id) VALUES (5, 173);
INSERT INTO resto_zasb.dbo.[Order/Dish] (dish_id, order_id) VALUES (6, 173);
INSERT INTO resto_zasb.dbo.[Order/Dish] (dish_id, order_id) VALUES (15, 174);
INSERT INTO resto_zasb.dbo.[Order/Dish] (dish_id, order_id) VALUES (9, 175);
INSERT INTO resto_zasb.dbo.[Order/Dish] (dish_id, order_id) VALUES (10, 175);
INSERT INTO resto_zasb.dbo.[Order/Dish] (dish_id, order_id) VALUES (4, 175);
INSERT INTO resto_zasb.dbo.[Order/Dish] (dish_id, order_id) VALUES (22, 175);
INSERT INTO resto_zasb.dbo.[Order/Dish] (dish_id, order_id) VALUES (10, 176);
INSERT INTO resto_zasb.dbo.[Order/Dish] (dish_id, order_id) VALUES (4, 177);
INSERT INTO resto_zasb.dbo.[Order/Dish] (dish_id, order_id) VALUES (23, 177);
INSERT INTO resto_zasb.dbo.[Order/Dish] (dish_id, order_id) VALUES (33, 177);
INSERT INTO resto_zasb.dbo.[Order/Dish] (dish_id, order_id) VALUES (3, 177);
INSERT INTO resto_zasb.dbo.[Order/Dish] (dish_id, order_id) VALUES (43, 177);
INSERT INTO resto_zasb.dbo.[Order/Dish] (dish_id, order_id) VALUES (44, 178);
INSERT INTO resto_zasb.dbo.[Order/Dish] (dish_id, order_id) VALUES (13, 179);
INSERT INTO resto_zasb.dbo.[Order/Dish] (dish_id, order_id) VALUES (36, 179);
INSERT INTO resto_zasb.dbo.[Order/Dish] (dish_id, order_id) VALUES (42, 179);
INSERT INTO resto_zasb.dbo.[Order/Dish] (dish_id, order_id) VALUES (39, 180);
INSERT INTO resto_zasb.dbo.[Order/Dish] (dish_id, order_id) VALUES (12, 180);
INSERT INTO resto_zasb.dbo.[Order/Dish] (dish_id, order_id) VALUES (46, 180);
INSERT INTO resto_zasb.dbo.[Order/Dish] (dish_id, order_id) VALUES (36, 180);
INSERT INTO resto_zasb.dbo.[Order/Dish] (dish_id, order_id) VALUES (42, 180);
INSERT INTO resto_zasb.dbo.[Order/Dish] (dish_id, order_id) VALUES (38, 181);
INSERT INTO resto_zasb.dbo.[Order/Dish] (dish_id, order_id) VALUES (31, 181);
INSERT INTO resto_zasb.dbo.[Order/Dish] (dish_id, order_id) VALUES (6, 182);
INSERT INTO resto_zasb.dbo.[Order/Dish] (dish_id, order_id) VALUES (35, 182);
INSERT INTO resto_zasb.dbo.[Order/Dish] (dish_id, order_id) VALUES (9, 182);
INSERT INTO resto_zasb.dbo.[Order/Dish] (dish_id, order_id) VALUES (16, 183);
INSERT INTO resto_zasb.dbo.[Order/Dish] (dish_id, order_id) VALUES (34, 183);
INSERT INTO resto_zasb.dbo.[Order/Dish] (dish_id, order_id) VALUES (34, 183);
INSERT INTO resto_zasb.dbo.[Order/Dish] (dish_id, order_id) VALUES (43, 183);
INSERT INTO resto_zasb.dbo.[Order/Dish] (dish_id, order_id) VALUES (15, 184);
INSERT INTO resto_zasb.dbo.[Order/Dish] (dish_id, order_id) VALUES (48, 185);
INSERT INTO resto_zasb.dbo.[Order/Dish] (dish_id, order_id) VALUES (1, 186);
INSERT INTO resto_zasb.dbo.[Order/Dish] (dish_id, order_id) VALUES (24, 186);
INSERT INTO resto_zasb.dbo.[Order/Dish] (dish_id, order_id) VALUES (32, 186);
INSERT INTO resto_zasb.dbo.[Order/Dish] (dish_id, order_id) VALUES (1, 187);
INSERT INTO resto_zasb.dbo.[Order/Dish] (dish_id, order_id) VALUES (45, 188);
INSERT INTO resto_zasb.dbo.[Order/Dish] (dish_id, order_id) VALUES (25, 189);
INSERT INTO resto_zasb.dbo.[Order/Dish] (dish_id, order_id) VALUES (42, 189);
INSERT INTO resto_zasb.dbo.[Order/Dish] (dish_id, order_id) VALUES (24, 189);
INSERT INTO resto_zasb.dbo.[Order/Dish] (dish_id, order_id) VALUES (0, 189);
INSERT INTO resto_zasb.dbo.[Order/Dish] (dish_id, order_id) VALUES (38, 190);
INSERT INTO resto_zasb.dbo.[Order/Dish] (dish_id, order_id) VALUES (12, 190);
INSERT INTO resto_zasb.dbo.[Order/Dish] (dish_id, order_id) VALUES (16, 190);
INSERT INTO resto_zasb.dbo.[Order/Dish] (dish_id, order_id) VALUES (49, 191);
INSERT INTO resto_zasb.dbo.[Order/Dish] (dish_id, order_id) VALUES (28, 192);
INSERT INTO resto_zasb.dbo.[Order/Dish] (dish_id, order_id) VALUES (25, 193);
INSERT INTO resto_zasb.dbo.[Order/Dish] (dish_id, order_id) VALUES (0, 193);
INSERT INTO resto_zasb.dbo.[Order/Dish] (dish_id, order_id) VALUES (27, 194);
INSERT INTO resto_zasb.dbo.[Order/Dish] (dish_id, order_id) VALUES (24, 194);
INSERT INTO resto_zasb.dbo.[Order/Dish] (dish_id, order_id) VALUES (49, 194);
INSERT INTO resto_zasb.dbo.[Order/Dish] (dish_id, order_id) VALUES (40, 194);
INSERT INTO resto_zasb.dbo.[Order/Dish] (dish_id, order_id) VALUES (22, 195);
INSERT INTO resto_zasb.dbo.[Order/Dish] (dish_id, order_id) VALUES (0, 196);
INSERT INTO resto_zasb.dbo.[Order/Dish] (dish_id, order_id) VALUES (44, 197);
INSERT INTO resto_zasb.dbo.[Order/Dish] (dish_id, order_id) VALUES (37, 197);
INSERT INTO resto_zasb.dbo.[Order/Dish] (dish_id, order_id) VALUES (19, 197);
INSERT INTO resto_zasb.dbo.[Order/Dish] (dish_id, order_id) VALUES (7, 197);
INSERT INTO resto_zasb.dbo.[Order/Dish] (dish_id, order_id) VALUES (49, 197);
INSERT INTO resto_zasb.dbo.[Order/Dish] (dish_id, order_id) VALUES (27, 198);
INSERT INTO resto_zasb.dbo.[Order/Dish] (dish_id, order_id) VALUES (24, 198);
INSERT INTO resto_zasb.dbo.[Order/Dish] (dish_id, order_id) VALUES (44, 198);
INSERT INTO resto_zasb.dbo.[Order/Dish] (dish_id, order_id) VALUES (48, 199);
INSERT INTO resto_zasb.dbo.[Order/Dish] (dish_id, order_id) VALUES (14, 200);
INSERT INTO resto_zasb.dbo.[Order/Dish] (dish_id, order_id) VALUES (28, 200);
INSERT INTO resto_zasb.dbo.[Order/Dish] (dish_id, order_id) VALUES (25, 200);
INSERT INTO resto_zasb.dbo.[Order/Dish] (dish_id, order_id) VALUES (31, 200);
INSERT INTO resto_zasb.dbo.[Order/Dish] (dish_id, order_id) VALUES (39, 201);
INSERT INTO resto_zasb.dbo.[Order/Dish] (dish_id, order_id) VALUES (1, 201);
INSERT INTO resto_zasb.dbo.[Order/Dish] (dish_id, order_id) VALUES (35, 201);
INSERT INTO resto_zasb.dbo.[Order/Dish] (dish_id, order_id) VALUES (35, 202);
INSERT INTO resto_zasb.dbo.[Order/Dish] (dish_id, order_id) VALUES (4, 202);
INSERT INTO resto_zasb.dbo.[Order/Dish] (dish_id, order_id) VALUES (1, 202);
INSERT INTO resto_zasb.dbo.[Order/Dish] (dish_id, order_id) VALUES (12, 203);
INSERT INTO resto_zasb.dbo.[Order/Dish] (dish_id, order_id) VALUES (38, 203);
INSERT INTO resto_zasb.dbo.[Order/Dish] (dish_id, order_id) VALUES (15, 204);
INSERT INTO resto_zasb.dbo.[Order/Dish] (dish_id, order_id) VALUES (16, 205);
INSERT INTO resto_zasb.dbo.[Order/Dish] (dish_id, order_id) VALUES (18, 205);
INSERT INTO resto_zasb.dbo.[Order/Dish] (dish_id, order_id) VALUES (4, 205);
INSERT INTO resto_zasb.dbo.[Order/Dish] (dish_id, order_id) VALUES (32, 205);
INSERT INTO resto_zasb.dbo.[Order/Dish] (dish_id, order_id) VALUES (35, 205);
INSERT INTO resto_zasb.dbo.[Order/Dish] (dish_id, order_id) VALUES (17, 206);
INSERT INTO resto_zasb.dbo.[Order/Dish] (dish_id, order_id) VALUES (48, 206);
INSERT INTO resto_zasb.dbo.[Order/Dish] (dish_id, order_id) VALUES (37, 207);
INSERT INTO resto_zasb.dbo.[Order/Dish] (dish_id, order_id) VALUES (24, 208);
INSERT INTO resto_zasb.dbo.[Order/Dish] (dish_id, order_id) VALUES (43, 208);
INSERT INTO resto_zasb.dbo.[Order/Dish] (dish_id, order_id) VALUES (44, 208);
INSERT INTO resto_zasb.dbo.[Order/Dish] (dish_id, order_id) VALUES (2, 208);
INSERT INTO resto_zasb.dbo.[Order/Dish] (dish_id, order_id) VALUES (39, 209);
INSERT INTO resto_zasb.dbo.[Order/Dish] (dish_id, order_id) VALUES (3, 209);
INSERT INTO resto_zasb.dbo.[Order/Dish] (dish_id, order_id) VALUES (8, 209);
INSERT INTO resto_zasb.dbo.[Order/Dish] (dish_id, order_id) VALUES (33, 209);
INSERT INTO resto_zasb.dbo.[Order/Dish] (dish_id, order_id) VALUES (44, 209);
INSERT INTO resto_zasb.dbo.[Order/Dish] (dish_id, order_id) VALUES (24, 210);
INSERT INTO resto_zasb.dbo.[Order/Dish] (dish_id, order_id) VALUES (27, 210);
INSERT INTO resto_zasb.dbo.[Order/Dish] (dish_id, order_id) VALUES (17, 210);
INSERT INTO resto_zasb.dbo.[Order/Dish] (dish_id, order_id) VALUES (36, 210);
INSERT INTO resto_zasb.dbo.[Order/Dish] (dish_id, order_id) VALUES (13, 210);
INSERT INTO resto_zasb.dbo.[Order/Dish] (dish_id, order_id) VALUES (12, 211);
INSERT INTO resto_zasb.dbo.[Order/Dish] (dish_id, order_id) VALUES (31, 212);
INSERT INTO resto_zasb.dbo.[Order/Dish] (dish_id, order_id) VALUES (44, 212);
INSERT INTO resto_zasb.dbo.[Order/Dish] (dish_id, order_id) VALUES (18, 213);
INSERT INTO resto_zasb.dbo.[Order/Dish] (dish_id, order_id) VALUES (46, 213);
INSERT INTO resto_zasb.dbo.[Order/Dish] (dish_id, order_id) VALUES (43, 213);
INSERT INTO resto_zasb.dbo.[Order/Dish] (dish_id, order_id) VALUES (17, 213);
INSERT INTO resto_zasb.dbo.[Order/Dish] (dish_id, order_id) VALUES (46, 214);
INSERT INTO resto_zasb.dbo.[Order/Dish] (dish_id, order_id) VALUES (12, 215);
INSERT INTO resto_zasb.dbo.[Order/Dish] (dish_id, order_id) VALUES (10, 215);
INSERT INTO resto_zasb.dbo.[Order/Dish] (dish_id, order_id) VALUES (27, 0);
INSERT INTO resto_zasb.dbo.[Order/Dish] (dish_id, order_id) VALUES (28, 0);
INSERT INTO resto_zasb.dbo.[Order/Dish] (dish_id, order_id) VALUES (49, 0);
INSERT INTO resto_zasb.dbo.[Order/Dish] (dish_id, order_id) VALUES (35, 1);
INSERT INTO resto_zasb.dbo.[Order/Dish] (dish_id, order_id) VALUES (28, 1);
INSERT INTO resto_zasb.dbo.[Order/Dish] (dish_id, order_id) VALUES (26, 1);
INSERT INTO resto_zasb.dbo.[Order/Dish] (dish_id, order_id) VALUES (27, 2);
INSERT INTO resto_zasb.dbo.[Order/Dish] (dish_id, order_id) VALUES (41, 2);
INSERT INTO resto_zasb.dbo.[Order/Dish] (dish_id, order_id) VALUES (46, 3);
INSERT INTO resto_zasb.dbo.[Order/Dish] (dish_id, order_id) VALUES (2, 3);
INSERT INTO resto_zasb.dbo.[Order/Dish] (dish_id, order_id) VALUES (8, 3);
INSERT INTO resto_zasb.dbo.[Order/Dish] (dish_id, order_id) VALUES (46, 3);
INSERT INTO resto_zasb.dbo.[Order/Dish] (dish_id, order_id) VALUES (5, 3);
INSERT INTO resto_zasb.dbo.[Order/Dish] (dish_id, order_id) VALUES (49, 4);
INSERT INTO resto_zasb.dbo.[Order/Dish] (dish_id, order_id) VALUES (44, 4);
INSERT INTO resto_zasb.dbo.[Order/Dish] (dish_id, order_id) VALUES (2, 5);
INSERT INTO resto_zasb.dbo.[Order/Dish] (dish_id, order_id) VALUES (15, 5);
INSERT INTO resto_zasb.dbo.[Order/Dish] (dish_id, order_id) VALUES (0, 5);
INSERT INTO resto_zasb.dbo.[Order/Dish] (dish_id, order_id) VALUES (41, 6);
INSERT INTO resto_zasb.dbo.[Order/Dish] (dish_id, order_id) VALUES (10, 6);
INSERT INTO resto_zasb.dbo.[Order/Dish] (dish_id, order_id) VALUES (36, 6);
INSERT INTO resto_zasb.dbo.[Order/Dish] (dish_id, order_id) VALUES (33, 6);
INSERT INTO resto_zasb.dbo.[Order/Dish] (dish_id, order_id) VALUES (7, 7);
INSERT INTO resto_zasb.dbo.[Order/Dish] (dish_id, order_id) VALUES (32, 8);
INSERT INTO resto_zasb.dbo.[Order/Dish] (dish_id, order_id) VALUES (31, 9);
INSERT INTO resto_zasb.dbo.[Order/Dish] (dish_id, order_id) VALUES (5, 9);
INSERT INTO resto_zasb.dbo.[Order/Dish] (dish_id, order_id) VALUES (1, 9);
INSERT INTO resto_zasb.dbo.[Order/Dish] (dish_id, order_id) VALUES (4, 9);
INSERT INTO resto_zasb.dbo.[Order/Dish] (dish_id, order_id) VALUES (10, 9);
INSERT INTO resto_zasb.dbo.[Order/Dish] (dish_id, order_id) VALUES (16, 10);
INSERT INTO resto_zasb.dbo.[Order/Dish] (dish_id, order_id) VALUES (29, 10);
INSERT INTO resto_zasb.dbo.[Order/Dish] (dish_id, order_id) VALUES (27, 11);
INSERT INTO resto_zasb.dbo.[Order/Dish] (dish_id, order_id) VALUES (41, 11);
INSERT INTO resto_zasb.dbo.[Order/Dish] (dish_id, order_id) VALUES (23, 11);
INSERT INTO resto_zasb.dbo.[Order/Dish] (dish_id, order_id) VALUES (41, 11);
INSERT INTO resto_zasb.dbo.[Order/Dish] (dish_id, order_id) VALUES (19, 11);
INSERT INTO resto_zasb.dbo.[Order/Dish] (dish_id, order_id) VALUES (45, 12);
INSERT INTO resto_zasb.dbo.[Order/Dish] (dish_id, order_id) VALUES (30, 13);
INSERT INTO resto_zasb.dbo.[Order/Dish] (dish_id, order_id) VALUES (18, 13);
INSERT INTO resto_zasb.dbo.[Order/Dish] (dish_id, order_id) VALUES (20, 13);
INSERT INTO resto_zasb.dbo.[Order/Dish] (dish_id, order_id) VALUES (24, 13);
INSERT INTO resto_zasb.dbo.[Order/Dish] (dish_id, order_id) VALUES (33, 13);
INSERT INTO resto_zasb.dbo.[Order/Dish] (dish_id, order_id) VALUES (26, 14);
INSERT INTO resto_zasb.dbo.[Order/Dish] (dish_id, order_id) VALUES (28, 14);
INSERT INTO resto_zasb.dbo.[Order/Dish] (dish_id, order_id) VALUES (4, 14);
INSERT INTO resto_zasb.dbo.[Order/Dish] (dish_id, order_id) VALUES (14, 14);
INSERT INTO resto_zasb.dbo.[Order/Dish] (dish_id, order_id) VALUES (42, 14);
INSERT INTO resto_zasb.dbo.[Order/Dish] (dish_id, order_id) VALUES (39, 15);
INSERT INTO resto_zasb.dbo.[Order/Dish] (dish_id, order_id) VALUES (4, 15);
INSERT INTO resto_zasb.dbo.[Order/Dish] (dish_id, order_id) VALUES (46, 15);
INSERT INTO resto_zasb.dbo.[Order/Dish] (dish_id, order_id) VALUES (16, 16);
INSERT INTO resto_zasb.dbo.[Order/Dish] (dish_id, order_id) VALUES (26, 16);
INSERT INTO resto_zasb.dbo.[Order/Dish] (dish_id, order_id) VALUES (36, 16);
INSERT INTO resto_zasb.dbo.[Order/Dish] (dish_id, order_id) VALUES (30, 16);
INSERT INTO resto_zasb.dbo.[Order/Dish] (dish_id, order_id) VALUES (43, 16);
INSERT INTO resto_zasb.dbo.[Order/Dish] (dish_id, order_id) VALUES (11, 17);
INSERT INTO resto_zasb.dbo.[Order/Dish] (dish_id, order_id) VALUES (5, 17);
INSERT INTO resto_zasb.dbo.[Order/Dish] (dish_id, order_id) VALUES (16, 17);
INSERT INTO resto_zasb.dbo.[Order/Dish] (dish_id, order_id) VALUES (12, 18);
INSERT INTO resto_zasb.dbo.[Order/Dish] (dish_id, order_id) VALUES (26, 18);
INSERT INTO resto_zasb.dbo.[Order/Dish] (dish_id, order_id) VALUES (28, 18);
INSERT INTO resto_zasb.dbo.[Order/Dish] (dish_id, order_id) VALUES (42, 19);
INSERT INTO resto_zasb.dbo.[Order/Dish] (dish_id, order_id) VALUES (39, 19);
INSERT INTO resto_zasb.dbo.[Order/Dish] (dish_id, order_id) VALUES (0, 19);
INSERT INTO resto_zasb.dbo.[Order/Dish] (dish_id, order_id) VALUES (44, 19);
INSERT INTO resto_zasb.dbo.[Order/Dish] (dish_id, order_id) VALUES (19, 19);
INSERT INTO resto_zasb.dbo.[Order/Dish] (dish_id, order_id) VALUES (48, 20);
INSERT INTO resto_zasb.dbo.[Order/Dish] (dish_id, order_id) VALUES (11, 21);
INSERT INTO resto_zasb.dbo.[Order/Dish] (dish_id, order_id) VALUES (10, 21);
INSERT INTO resto_zasb.dbo.[Order/Dish] (dish_id, order_id) VALUES (14, 21);
INSERT INTO resto_zasb.dbo.[Order/Dish] (dish_id, order_id) VALUES (12, 22);
INSERT INTO resto_zasb.dbo.[Order/Dish] (dish_id, order_id) VALUES (41, 22);
INSERT INTO resto_zasb.dbo.[Order/Dish] (dish_id, order_id) VALUES (28, 22);
INSERT INTO resto_zasb.dbo.[Order/Dish] (dish_id, order_id) VALUES (43, 22);
INSERT INTO resto_zasb.dbo.[Order/Dish] (dish_id, order_id) VALUES (1, 22);
INSERT INTO resto_zasb.dbo.[Order/Dish] (dish_id, order_id) VALUES (38, 23);
INSERT INTO resto_zasb.dbo.[Order/Dish] (dish_id, order_id) VALUES (35, 23);
INSERT INTO resto_zasb.dbo.[Order/Dish] (dish_id, order_id) VALUES (29, 23);
INSERT INTO resto_zasb.dbo.[Order/Dish] (dish_id, order_id) VALUES (36, 23);
INSERT INTO resto_zasb.dbo.[Order/Dish] (dish_id, order_id) VALUES (25, 23);
INSERT INTO resto_zasb.dbo.[Order/Dish] (dish_id, order_id) VALUES (48, 24);
INSERT INTO resto_zasb.dbo.[Order/Dish] (dish_id, order_id) VALUES (27, 24);
INSERT INTO resto_zasb.dbo.[Order/Dish] (dish_id, order_id) VALUES (18, 24);
INSERT INTO resto_zasb.dbo.[Order/Dish] (dish_id, order_id) VALUES (16, 24);
INSERT INTO resto_zasb.dbo.[Order/Dish] (dish_id, order_id) VALUES (22, 25);
INSERT INTO resto_zasb.dbo.[Order/Dish] (dish_id, order_id) VALUES (23, 26);
INSERT INTO resto_zasb.dbo.[Order/Dish] (dish_id, order_id) VALUES (26, 26);
INSERT INTO resto_zasb.dbo.[Order/Dish] (dish_id, order_id) VALUES (40, 26);
INSERT INTO resto_zasb.dbo.[Order/Dish] (dish_id, order_id) VALUES (18, 26);
INSERT INTO resto_zasb.dbo.[Order/Dish] (dish_id, order_id) VALUES (11, 27);
INSERT INTO resto_zasb.dbo.[Order/Dish] (dish_id, order_id) VALUES (24, 28);
INSERT INTO resto_zasb.dbo.[Order/Dish] (dish_id, order_id) VALUES (43, 28);
INSERT INTO resto_zasb.dbo.[Order/Dish] (dish_id, order_id) VALUES (9, 28);
INSERT INTO resto_zasb.dbo.[Order/Dish] (dish_id, order_id) VALUES (26, 28);
INSERT INTO resto_zasb.dbo.[Order/Dish] (dish_id, order_id) VALUES (2, 28);
INSERT INTO resto_zasb.dbo.[Order/Dish] (dish_id, order_id) VALUES (12, 29);
INSERT INTO resto_zasb.dbo.[Order/Dish] (dish_id, order_id) VALUES (6, 29);
INSERT INTO resto_zasb.dbo.[Order/Dish] (dish_id, order_id) VALUES (49, 30);
INSERT INTO resto_zasb.dbo.[Order/Dish] (dish_id, order_id) VALUES (6, 30);
INSERT INTO resto_zasb.dbo.[Order/Dish] (dish_id, order_id) VALUES (14, 31);
INSERT INTO resto_zasb.dbo.[Order/Dish] (dish_id, order_id) VALUES (23, 31);
INSERT INTO resto_zasb.dbo.[Order/Dish] (dish_id, order_id) VALUES (37, 31);
INSERT INTO resto_zasb.dbo.[Order/Dish] (dish_id, order_id) VALUES (22, 31);
INSERT INTO resto_zasb.dbo.[Order/Dish] (dish_id, order_id) VALUES (0, 31);
INSERT INTO resto_zasb.dbo.[Order/Dish] (dish_id, order_id) VALUES (18, 32);
INSERT INTO resto_zasb.dbo.[Order/Dish] (dish_id, order_id) VALUES (10, 33);
INSERT INTO resto_zasb.dbo.[Order/Dish] (dish_id, order_id) VALUES (42, 33);
INSERT INTO resto_zasb.dbo.[Order/Dish] (dish_id, order_id) VALUES (29, 33);
INSERT INTO resto_zasb.dbo.[Order/Dish] (dish_id, order_id) VALUES (34, 33);
INSERT INTO resto_zasb.dbo.[Order/Dish] (dish_id, order_id) VALUES (41, 34);
INSERT INTO resto_zasb.dbo.[Order/Dish] (dish_id, order_id) VALUES (2, 34);
INSERT INTO resto_zasb.dbo.[Order/Dish] (dish_id, order_id) VALUES (18, 35);
INSERT INTO resto_zasb.dbo.[Order/Dish] (dish_id, order_id) VALUES (40, 35);
INSERT INTO resto_zasb.dbo.[Order/Dish] (dish_id, order_id) VALUES (29, 36);
INSERT INTO resto_zasb.dbo.[Order/Dish] (dish_id, order_id) VALUES (34, 36);
INSERT INTO resto_zasb.dbo.[Order/Dish] (dish_id, order_id) VALUES (25, 36);
INSERT INTO resto_zasb.dbo.[Order/Dish] (dish_id, order_id) VALUES (46, 37);
INSERT INTO resto_zasb.dbo.[Order/Dish] (dish_id, order_id) VALUES (33, 38);
INSERT INTO resto_zasb.dbo.[Order/Dish] (dish_id, order_id) VALUES (13, 38);
INSERT INTO resto_zasb.dbo.[Order/Dish] (dish_id, order_id) VALUES (21, 38);
INSERT INTO resto_zasb.dbo.[Order/Dish] (dish_id, order_id) VALUES (44, 39);
INSERT INTO resto_zasb.dbo.[Order/Dish] (dish_id, order_id) VALUES (14, 39);
INSERT INTO resto_zasb.dbo.[Order/Dish] (dish_id, order_id) VALUES (32, 40);
INSERT INTO resto_zasb.dbo.[Order/Dish] (dish_id, order_id) VALUES (4, 40);
INSERT INTO resto_zasb.dbo.[Order/Dish] (dish_id, order_id) VALUES (13, 41);
INSERT INTO resto_zasb.dbo.[Order/Dish] (dish_id, order_id) VALUES (7, 41);
INSERT INTO resto_zasb.dbo.[Order/Dish] (dish_id, order_id) VALUES (32, 41);
INSERT INTO resto_zasb.dbo.[Order/Dish] (dish_id, order_id) VALUES (8, 41);
INSERT INTO resto_zasb.dbo.[Order/Dish] (dish_id, order_id) VALUES (38, 41);
INSERT INTO resto_zasb.dbo.[Order/Dish] (dish_id, order_id) VALUES (47, 42);
INSERT INTO resto_zasb.dbo.[Order/Dish] (dish_id, order_id) VALUES (24, 42);
INSERT INTO resto_zasb.dbo.[Order/Dish] (dish_id, order_id) VALUES (49, 42);
INSERT INTO resto_zasb.dbo.[Order/Dish] (dish_id, order_id) VALUES (1, 42);
INSERT INTO resto_zasb.dbo.[Order/Dish] (dish_id, order_id) VALUES (1, 42);
INSERT INTO resto_zasb.dbo.[Order/Dish] (dish_id, order_id) VALUES (25, 43);
INSERT INTO resto_zasb.dbo.[Order/Dish] (dish_id, order_id) VALUES (12, 43);
INSERT INTO resto_zasb.dbo.[Order/Dish] (dish_id, order_id) VALUES (49, 43);
INSERT INTO resto_zasb.dbo.[Order/Dish] (dish_id, order_id) VALUES (34, 44);
INSERT INTO resto_zasb.dbo.[Order/Dish] (dish_id, order_id) VALUES (43, 44);
INSERT INTO resto_zasb.dbo.[Order/Dish] (dish_id, order_id) VALUES (33, 44);
INSERT INTO resto_zasb.dbo.[Order/Dish] (dish_id, order_id) VALUES (36, 45);
INSERT INTO resto_zasb.dbo.[Order/Dish] (dish_id, order_id) VALUES (9, 45);
INSERT INTO resto_zasb.dbo.[Order/Dish] (dish_id, order_id) VALUES (19, 46);
INSERT INTO resto_zasb.dbo.[Order/Dish] (dish_id, order_id) VALUES (11, 46);
INSERT INTO resto_zasb.dbo.[Order/Dish] (dish_id, order_id) VALUES (45, 46);
INSERT INTO resto_zasb.dbo.[Order/Dish] (dish_id, order_id) VALUES (9, 46);
INSERT INTO resto_zasb.dbo.[Order/Dish] (dish_id, order_id) VALUES (8, 47);
INSERT INTO resto_zasb.dbo.[Order/Dish] (dish_id, order_id) VALUES (31, 47);
INSERT INTO resto_zasb.dbo.[Order/Dish] (dish_id, order_id) VALUES (25, 47);
INSERT INTO resto_zasb.dbo.[Order/Dish] (dish_id, order_id) VALUES (36, 47);
INSERT INTO resto_zasb.dbo.[Order/Dish] (dish_id, order_id) VALUES (26, 48);
INSERT INTO resto_zasb.dbo.[Order/Dish] (dish_id, order_id) VALUES (45, 48);
INSERT INTO resto_zasb.dbo.[Order/Dish] (dish_id, order_id) VALUES (23, 49);
INSERT INTO resto_zasb.dbo.[Order/Dish] (dish_id, order_id) VALUES (49, 49);
INSERT INTO resto_zasb.dbo.[Order/Dish] (dish_id, order_id) VALUES (40, 50);
INSERT INTO resto_zasb.dbo.[Order/Dish] (dish_id, order_id) VALUES (42, 50);
INSERT INTO resto_zasb.dbo.[Order/Dish] (dish_id, order_id) VALUES (4, 50);
INSERT INTO resto_zasb.dbo.[Order/Dish] (dish_id, order_id) VALUES (11, 50);
INSERT INTO resto_zasb.dbo.[Order/Dish] (dish_id, order_id) VALUES (24, 50);
INSERT INTO resto_zasb.dbo.[Order/Dish] (dish_id, order_id) VALUES (34, 51);
INSERT INTO resto_zasb.dbo.[Order/Dish] (dish_id, order_id) VALUES (8, 52);
INSERT INTO resto_zasb.dbo.[Order/Dish] (dish_id, order_id) VALUES (33, 53);
INSERT INTO resto_zasb.dbo.[Order/Dish] (dish_id, order_id) VALUES (9, 53);
INSERT INTO resto_zasb.dbo.[Order/Dish] (dish_id, order_id) VALUES (1, 53);
INSERT INTO resto_zasb.dbo.[Order/Dish] (dish_id, order_id) VALUES (9, 53);
INSERT INTO resto_zasb.dbo.[Order/Dish] (dish_id, order_id) VALUES (47, 54);
INSERT INTO resto_zasb.dbo.[Order/Dish] (dish_id, order_id) VALUES (19, 54);
INSERT INTO resto_zasb.dbo.[Order/Dish] (dish_id, order_id) VALUES (29, 54);
INSERT INTO resto_zasb.dbo.[Order/Dish] (dish_id, order_id) VALUES (23, 55);
INSERT INTO resto_zasb.dbo.[Order/Dish] (dish_id, order_id) VALUES (43, 55);
INSERT INTO resto_zasb.dbo.[Order/Dish] (dish_id, order_id) VALUES (16, 56);
INSERT INTO resto_zasb.dbo.[Order/Dish] (dish_id, order_id) VALUES (45, 56);
INSERT INTO resto_zasb.dbo.[Order/Dish] (dish_id, order_id) VALUES (24, 56);
INSERT INTO resto_zasb.dbo.[Order/Dish] (dish_id, order_id) VALUES (8, 57);
INSERT INTO resto_zasb.dbo.[Order/Dish] (dish_id, order_id) VALUES (38, 57);
INSERT INTO resto_zasb.dbo.[Order/Dish] (dish_id, order_id) VALUES (33, 57);
INSERT INTO resto_zasb.dbo.[Order/Dish] (dish_id, order_id) VALUES (19, 57);
INSERT INTO resto_zasb.dbo.[Order/Dish] (dish_id, order_id) VALUES (42, 58);
INSERT INTO resto_zasb.dbo.[Order/Dish] (dish_id, order_id) VALUES (29, 58);
INSERT INTO resto_zasb.dbo.[Order/Dish] (dish_id, order_id) VALUES (22, 59);
INSERT INTO resto_zasb.dbo.[Order/Dish] (dish_id, order_id) VALUES (23, 59);
INSERT INTO resto_zasb.dbo.[Order/Dish] (dish_id, order_id) VALUES (6, 59);
INSERT INTO resto_zasb.dbo.[Order/Dish] (dish_id, order_id) VALUES (28, 60);
INSERT INTO resto_zasb.dbo.[Order/Dish] (dish_id, order_id) VALUES (24, 60);
INSERT INTO resto_zasb.dbo.[Order/Dish] (dish_id, order_id) VALUES (29, 61);
INSERT INTO resto_zasb.dbo.[Order/Dish] (dish_id, order_id) VALUES (3, 61);
INSERT INTO resto_zasb.dbo.[Order/Dish] (dish_id, order_id) VALUES (44, 61);
INSERT INTO resto_zasb.dbo.[Order/Dish] (dish_id, order_id) VALUES (5, 61);
INSERT INTO resto_zasb.dbo.[Order/Dish] (dish_id, order_id) VALUES (15, 61);
INSERT INTO resto_zasb.dbo.[Order/Dish] (dish_id, order_id) VALUES (14, 62);
INSERT INTO resto_zasb.dbo.[Order/Dish] (dish_id, order_id) VALUES (25, 62);
INSERT INTO resto_zasb.dbo.[Order/Dish] (dish_id, order_id) VALUES (40, 62);
INSERT INTO resto_zasb.dbo.[Order/Dish] (dish_id, order_id) VALUES (8, 62);
INSERT INTO resto_zasb.dbo.[Order/Dish] (dish_id, order_id) VALUES (8, 63);
INSERT INTO resto_zasb.dbo.[Order/Dish] (dish_id, order_id) VALUES (4, 63);
INSERT INTO resto_zasb.dbo.[Order/Dish] (dish_id, order_id) VALUES (21, 63);
INSERT INTO resto_zasb.dbo.[Order/Dish] (dish_id, order_id) VALUES (31, 64);
INSERT INTO resto_zasb.dbo.[Order/Dish] (dish_id, order_id) VALUES (38, 64);
INSERT INTO resto_zasb.dbo.[Order/Dish] (dish_id, order_id) VALUES (31, 65);
INSERT INTO resto_zasb.dbo.[Order/Dish] (dish_id, order_id) VALUES (45, 65);
INSERT INTO resto_zasb.dbo.[Order/Dish] (dish_id, order_id) VALUES (33, 65);
INSERT INTO resto_zasb.dbo.[Order/Dish] (dish_id, order_id) VALUES (0, 65);
INSERT INTO resto_zasb.dbo.[Order/Dish] (dish_id, order_id) VALUES (2, 66);
INSERT INTO resto_zasb.dbo.[Order/Dish] (dish_id, order_id) VALUES (34, 67);
INSERT INTO resto_zasb.dbo.[Order/Dish] (dish_id, order_id) VALUES (36, 67);
INSERT INTO resto_zasb.dbo.[Order/Dish] (dish_id, order_id) VALUES (30, 67);
INSERT INTO resto_zasb.dbo.[Order/Dish] (dish_id, order_id) VALUES (3, 67);
INSERT INTO resto_zasb.dbo.[Order/Dish] (dish_id, order_id) VALUES (44, 68);
INSERT INTO resto_zasb.dbo.[Order/Dish] (dish_id, order_id) VALUES (40, 68);
INSERT INTO resto_zasb.dbo.[Order/Dish] (dish_id, order_id) VALUES (34, 68);
INSERT INTO resto_zasb.dbo.[Order/Dish] (dish_id, order_id) VALUES (12, 68);
INSERT INTO resto_zasb.dbo.[Order/Dish] (dish_id, order_id) VALUES (38, 68);
INSERT INTO resto_zasb.dbo.[Order/Dish] (dish_id, order_id) VALUES (25, 69);
INSERT INTO resto_zasb.dbo.[Order/Dish] (dish_id, order_id) VALUES (25, 70);
INSERT INTO resto_zasb.dbo.[Order/Dish] (dish_id, order_id) VALUES (21, 70);
INSERT INTO resto_zasb.dbo.[Order/Dish] (dish_id, order_id) VALUES (14, 70);
INSERT INTO resto_zasb.dbo.[Order/Dish] (dish_id, order_id) VALUES (26, 71);
INSERT INTO resto_zasb.dbo.[Order/Dish] (dish_id, order_id) VALUES (10, 71);
INSERT INTO resto_zasb.dbo.[Order/Dish] (dish_id, order_id) VALUES (5, 71);
INSERT INTO resto_zasb.dbo.[Order/Dish] (dish_id, order_id) VALUES (23, 71);
INSERT INTO resto_zasb.dbo.[Order/Dish] (dish_id, order_id) VALUES (32, 72);
INSERT INTO resto_zasb.dbo.[Order/Dish] (dish_id, order_id) VALUES (15, 72);
INSERT INTO resto_zasb.dbo.[Order/Dish] (dish_id, order_id) VALUES (32, 73);
INSERT INTO resto_zasb.dbo.[Order/Dish] (dish_id, order_id) VALUES (3, 73);
INSERT INTO resto_zasb.dbo.[Order/Dish] (dish_id, order_id) VALUES (46, 73);
INSERT INTO resto_zasb.dbo.[Order/Dish] (dish_id, order_id) VALUES (32, 74);
INSERT INTO resto_zasb.dbo.[Order/Dish] (dish_id, order_id) VALUES (22, 74);
INSERT INTO resto_zasb.dbo.[Order/Dish] (dish_id, order_id) VALUES (33, 75);
INSERT INTO resto_zasb.dbo.[Order/Dish] (dish_id, order_id) VALUES (28, 75);
INSERT INTO resto_zasb.dbo.[Order/Dish] (dish_id, order_id) VALUES (35, 75);
INSERT INTO resto_zasb.dbo.[Order/Dish] (dish_id, order_id) VALUES (24, 76);
INSERT INTO resto_zasb.dbo.[Order/Dish] (dish_id, order_id) VALUES (23, 76);
INSERT INTO resto_zasb.dbo.[Order/Dish] (dish_id, order_id) VALUES (15, 76);
INSERT INTO resto_zasb.dbo.[Order/Dish] (dish_id, order_id) VALUES (47, 76);
INSERT INTO resto_zasb.dbo.[Order/Dish] (dish_id, order_id) VALUES (10, 77);
INSERT INTO resto_zasb.dbo.[Order/Dish] (dish_id, order_id) VALUES (23, 77);
INSERT INTO resto_zasb.dbo.[Order/Dish] (dish_id, order_id) VALUES (17, 77);
INSERT INTO resto_zasb.dbo.[Order/Dish] (dish_id, order_id) VALUES (1, 78);
INSERT INTO resto_zasb.dbo.[Order/Dish] (dish_id, order_id) VALUES (1, 78);
INSERT INTO resto_zasb.dbo.[Order/Dish] (dish_id, order_id) VALUES (2, 79);
INSERT INTO resto_zasb.dbo.[Order/Dish] (dish_id, order_id) VALUES (21, 79);
INSERT INTO resto_zasb.dbo.[Order/Dish] (dish_id, order_id) VALUES (5, 79);
INSERT INTO resto_zasb.dbo.[Order/Dish] (dish_id, order_id) VALUES (1, 80);
INSERT INTO resto_zasb.dbo.[Order/Dish] (dish_id, order_id) VALUES (39, 80);
INSERT INTO resto_zasb.dbo.[Order/Dish] (dish_id, order_id) VALUES (11, 81);
INSERT INTO resto_zasb.dbo.[Order/Dish] (dish_id, order_id) VALUES (1, 81);
INSERT INTO resto_zasb.dbo.[Order/Dish] (dish_id, order_id) VALUES (24, 82);
INSERT INTO resto_zasb.dbo.[Order/Dish] (dish_id, order_id) VALUES (21, 82);
INSERT INTO resto_zasb.dbo.[Order/Dish] (dish_id, order_id) VALUES (29, 82);
INSERT INTO resto_zasb.dbo.[Order/Dish] (dish_id, order_id) VALUES (3, 83);
INSERT INTO resto_zasb.dbo.[Order/Dish] (dish_id, order_id) VALUES (4, 83);
INSERT INTO resto_zasb.dbo.[Order/Dish] (dish_id, order_id) VALUES (18, 83);
INSERT INTO resto_zasb.dbo.[Order/Dish] (dish_id, order_id) VALUES (27, 83);
INSERT INTO resto_zasb.dbo.[Order/Dish] (dish_id, order_id) VALUES (18, 83);
INSERT INTO resto_zasb.dbo.[Order/Dish] (dish_id, order_id) VALUES (4, 84);
INSERT INTO resto_zasb.dbo.[Order/Dish] (dish_id, order_id) VALUES (41, 84);
INSERT INTO resto_zasb.dbo.[Order/Dish] (dish_id, order_id) VALUES (36, 84);
INSERT INTO resto_zasb.dbo.[Order/Dish] (dish_id, order_id) VALUES (20, 84);
INSERT INTO resto_zasb.dbo.[Order/Dish] (dish_id, order_id) VALUES (21, 85);
INSERT INTO resto_zasb.dbo.[Order/Dish] (dish_id, order_id) VALUES (18, 85);
INSERT INTO resto_zasb.dbo.[Order/Dish] (dish_id, order_id) VALUES (1, 85);
INSERT INTO resto_zasb.dbo.[Order/Dish] (dish_id, order_id) VALUES (17, 86);
INSERT INTO resto_zasb.dbo.[Order/Dish] (dish_id, order_id) VALUES (23, 87);
INSERT INTO resto_zasb.dbo.[Order/Dish] (dish_id, order_id) VALUES (38, 87);
INSERT INTO resto_zasb.dbo.[Order/Dish] (dish_id, order_id) VALUES (17, 87);
INSERT INTO resto_zasb.dbo.[Order/Dish] (dish_id, order_id) VALUES (5, 87);
INSERT INTO resto_zasb.dbo.[Order/Dish] (dish_id, order_id) VALUES (3, 87);
INSERT INTO resto_zasb.dbo.[Order/Dish] (dish_id, order_id) VALUES (41, 88);
INSERT INTO resto_zasb.dbo.[Order/Dish] (dish_id, order_id) VALUES (0, 88);
INSERT INTO resto_zasb.dbo.[Order/Dish] (dish_id, order_id) VALUES (29, 88);
INSERT INTO resto_zasb.dbo.[Order/Dish] (dish_id, order_id) VALUES (20, 88);
INSERT INTO resto_zasb.dbo.[Order/Dish] (dish_id, order_id) VALUES (35, 89);
INSERT INTO resto_zasb.dbo.[Order/Dish] (dish_id, order_id) VALUES (5, 89);
INSERT INTO resto_zasb.dbo.[Order/Dish] (dish_id, order_id) VALUES (25, 90);
INSERT INTO resto_zasb.dbo.[Order/Dish] (dish_id, order_id) VALUES (19, 90);
INSERT INTO resto_zasb.dbo.[Order/Dish] (dish_id, order_id) VALUES (21, 91);
INSERT INTO resto_zasb.dbo.[Order/Dish] (dish_id, order_id) VALUES (19, 91);
INSERT INTO resto_zasb.dbo.[Order/Dish] (dish_id, order_id) VALUES (31, 91);
INSERT INTO resto_zasb.dbo.[Order/Dish] (dish_id, order_id) VALUES (3, 91);
INSERT INTO resto_zasb.dbo.[Order/Dish] (dish_id, order_id) VALUES (39, 91);
INSERT INTO resto_zasb.dbo.[Order/Dish] (dish_id, order_id) VALUES (12, 92);
INSERT INTO resto_zasb.dbo.[Order/Dish] (dish_id, order_id) VALUES (1, 92);
INSERT INTO resto_zasb.dbo.[Order/Dish] (dish_id, order_id) VALUES (35, 92);
INSERT INTO resto_zasb.dbo.[Order/Dish] (dish_id, order_id) VALUES (45, 92);
INSERT INTO resto_zasb.dbo.[Order/Dish] (dish_id, order_id) VALUES (34, 92);
INSERT INTO resto_zasb.dbo.[Order/Dish] (dish_id, order_id) VALUES (4, 93);
INSERT INTO resto_zasb.dbo.[Order/Dish] (dish_id, order_id) VALUES (22, 93);
INSERT INTO resto_zasb.dbo.[Order/Dish] (dish_id, order_id) VALUES (26, 93);
INSERT INTO resto_zasb.dbo.[Order/Dish] (dish_id, order_id) VALUES (45, 93);
INSERT INTO resto_zasb.dbo.[Order/Dish] (dish_id, order_id) VALUES (33, 94);
INSERT INTO resto_zasb.dbo.[Order/Dish] (dish_id, order_id) VALUES (30, 95);
INSERT INTO resto_zasb.dbo.[Order/Dish] (dish_id, order_id) VALUES (28, 95);
INSERT INTO resto_zasb.dbo.[Order/Dish] (dish_id, order_id) VALUES (31, 96);
INSERT INTO resto_zasb.dbo.[Order/Dish] (dish_id, order_id) VALUES (9, 97);
INSERT INTO resto_zasb.dbo.[Order/Dish] (dish_id, order_id) VALUES (11, 97);
INSERT INTO resto_zasb.dbo.[Order/Dish] (dish_id, order_id) VALUES (22, 97);
INSERT INTO resto_zasb.dbo.[Order/Dish] (dish_id, order_id) VALUES (32, 97);
INSERT INTO resto_zasb.dbo.[Order/Dish] (dish_id, order_id) VALUES (12, 97);
INSERT INTO resto_zasb.dbo.[Order/Dish] (dish_id, order_id) VALUES (22, 98);
INSERT INTO resto_zasb.dbo.[Order/Dish] (dish_id, order_id) VALUES (20, 98);
INSERT INTO resto_zasb.dbo.[Order/Dish] (dish_id, order_id) VALUES (47, 98);
INSERT INTO resto_zasb.dbo.[Order/Dish] (dish_id, order_id) VALUES (9, 98);
INSERT INTO resto_zasb.dbo.[Order/Dish] (dish_id, order_id) VALUES (33, 98);
INSERT INTO resto_zasb.dbo.[Order/Dish] (dish_id, order_id) VALUES (41, 99);
INSERT INTO resto_zasb.dbo.[Order/Dish] (dish_id, order_id) VALUES (9, 99);
INSERT INTO resto_zasb.dbo.[Order/Dish] (dish_id, order_id) VALUES (9, 99);
INSERT INTO resto_zasb.dbo.[Order/Dish] (dish_id, order_id) VALUES (4, 99);
INSERT INTO resto_zasb.dbo.[Order/Dish] (dish_id, order_id) VALUES (0, 100);
INSERT INTO resto_zasb.dbo.[Order/Dish] (dish_id, order_id) VALUES (2, 100);
INSERT INTO resto_zasb.dbo.[Order/Dish] (dish_id, order_id) VALUES (43, 100);
INSERT INTO resto_zasb.dbo.[Order/Dish] (dish_id, order_id) VALUES (26, 100);
INSERT INTO resto_zasb.dbo.[Order/Dish] (dish_id, order_id) VALUES (25, 101);
INSERT INTO resto_zasb.dbo.[Order/Dish] (dish_id, order_id) VALUES (32, 101);
INSERT INTO resto_zasb.dbo.[Order/Dish] (dish_id, order_id) VALUES (34, 102);
INSERT INTO resto_zasb.dbo.[Order/Dish] (dish_id, order_id) VALUES (36, 102);
INSERT INTO resto_zasb.dbo.[Order/Dish] (dish_id, order_id) VALUES (6, 103);
INSERT INTO resto_zasb.dbo.[Order/Dish] (dish_id, order_id) VALUES (49, 103);
INSERT INTO resto_zasb.dbo.[Order/Dish] (dish_id, order_id) VALUES (7, 103);
INSERT INTO resto_zasb.dbo.[Order/Dish] (dish_id, order_id) VALUES (22, 103);
INSERT INTO resto_zasb.dbo.[Order/Dish] (dish_id, order_id) VALUES (2, 104);
INSERT INTO resto_zasb.dbo.[Order/Dish] (dish_id, order_id) VALUES (39, 104);


INSERT INTO resto_zasb.dbo.Recipe (dish_id, ingredient_id, weight) VALUES (3, 0, 19);
INSERT INTO resto_zasb.dbo.Recipe (dish_id, ingredient_id, weight) VALUES (10, 0, 21);
INSERT INTO resto_zasb.dbo.Recipe (dish_id, ingredient_id, weight) VALUES (13, 1, 6);
INSERT INTO resto_zasb.dbo.Recipe (dish_id, ingredient_id, weight) VALUES (36, 1, 19);
INSERT INTO resto_zasb.dbo.Recipe (dish_id, ingredient_id, weight) VALUES (39, 2, 16);
INSERT INTO resto_zasb.dbo.Recipe (dish_id, ingredient_id, weight) VALUES (49, 3, 13);
INSERT INTO resto_zasb.dbo.Recipe (dish_id, ingredient_id, weight) VALUES (28, 4, 35);
INSERT INTO resto_zasb.dbo.Recipe (dish_id, ingredient_id, weight) VALUES (42, 5, 33);
INSERT INTO resto_zasb.dbo.Recipe (dish_id, ingredient_id, weight) VALUES (46, 6, 47);
INSERT INTO resto_zasb.dbo.Recipe (dish_id, ingredient_id, weight) VALUES (21, 7, 33);
INSERT INTO resto_zasb.dbo.Recipe (dish_id, ingredient_id, weight) VALUES (37, 8, 27);
INSERT INTO resto_zasb.dbo.Recipe (dish_id, ingredient_id, weight) VALUES (20, 9, 13);
INSERT INTO resto_zasb.dbo.Recipe (dish_id, ingredient_id, weight) VALUES (25, 10, 12);
INSERT INTO resto_zasb.dbo.Recipe (dish_id, ingredient_id, weight) VALUES (33, 10, 47);
INSERT INTO resto_zasb.dbo.Recipe (dish_id, ingredient_id, weight) VALUES (20, 11, 48);
INSERT INTO resto_zasb.dbo.Recipe (dish_id, ingredient_id, weight) VALUES (25, 12, 19);
INSERT INTO resto_zasb.dbo.Recipe (dish_id, ingredient_id, weight) VALUES (36, 13, 27);
INSERT INTO resto_zasb.dbo.Recipe (dish_id, ingredient_id, weight) VALUES (25, 14, 7);
INSERT INTO resto_zasb.dbo.Recipe (dish_id, ingredient_id, weight) VALUES (7, 15, 25);
INSERT INTO resto_zasb.dbo.Recipe (dish_id, ingredient_id, weight) VALUES (46, 16, 36);
INSERT INTO resto_zasb.dbo.Recipe (dish_id, ingredient_id, weight) VALUES (26, 17, 49);
INSERT INTO resto_zasb.dbo.Recipe (dish_id, ingredient_id, weight) VALUES (34, 17, 36);
INSERT INTO resto_zasb.dbo.Recipe (dish_id, ingredient_id, weight) VALUES (4, 19, 8);
INSERT INTO resto_zasb.dbo.Recipe (dish_id, ingredient_id, weight) VALUES (17, 20, 24);
INSERT INTO resto_zasb.dbo.Recipe (dish_id, ingredient_id, weight) VALUES (23, 21, 50);
INSERT INTO resto_zasb.dbo.Recipe (dish_id, ingredient_id, weight) VALUES (12, 22, 31);
INSERT INTO resto_zasb.dbo.Recipe (dish_id, ingredient_id, weight) VALUES (30, 22, 17);
INSERT INTO resto_zasb.dbo.Recipe (dish_id, ingredient_id, weight) VALUES (36, 22, 14);
INSERT INTO resto_zasb.dbo.Recipe (dish_id, ingredient_id, weight) VALUES (11, 23, 34);
INSERT INTO resto_zasb.dbo.Recipe (dish_id, ingredient_id, weight) VALUES (24, 24, 24);
INSERT INTO resto_zasb.dbo.Recipe (dish_id, ingredient_id, weight) VALUES (3, 25, 38);
INSERT INTO resto_zasb.dbo.Recipe (dish_id, ingredient_id, weight) VALUES (3, 26, 11);
INSERT INTO resto_zasb.dbo.Recipe (dish_id, ingredient_id, weight) VALUES (36, 27, 45);
INSERT INTO resto_zasb.dbo.Recipe (dish_id, ingredient_id, weight) VALUES (5, 28, 28);
INSERT INTO resto_zasb.dbo.Recipe (dish_id, ingredient_id, weight) VALUES (28, 29, 34);
INSERT INTO resto_zasb.dbo.Recipe (dish_id, ingredient_id, weight) VALUES (19, 30, 44);
INSERT INTO resto_zasb.dbo.Recipe (dish_id, ingredient_id, weight) VALUES (33, 31, 24);
INSERT INTO resto_zasb.dbo.Recipe (dish_id, ingredient_id, weight) VALUES (23, 32, 25);
INSERT INTO resto_zasb.dbo.Recipe (dish_id, ingredient_id, weight) VALUES (1, 33, 38);
INSERT INTO resto_zasb.dbo.Recipe (dish_id, ingredient_id, weight) VALUES (9, 33, 41);
INSERT INTO resto_zasb.dbo.Recipe (dish_id, ingredient_id, weight) VALUES (1, 34, 33);
INSERT INTO resto_zasb.dbo.Recipe (dish_id, ingredient_id, weight) VALUES (2, 34, 48);
INSERT INTO resto_zasb.dbo.Recipe (dish_id, ingredient_id, weight) VALUES (32, 34, 23);
INSERT INTO resto_zasb.dbo.Recipe (dish_id, ingredient_id, weight) VALUES (8, 35, 12);
INSERT INTO resto_zasb.dbo.Recipe (dish_id, ingredient_id, weight) VALUES (36, 35, 25);
INSERT INTO resto_zasb.dbo.Recipe (dish_id, ingredient_id, weight) VALUES (31, 36, 15);
INSERT INTO resto_zasb.dbo.Recipe (dish_id, ingredient_id, weight) VALUES (37, 37, 27);
INSERT INTO resto_zasb.dbo.Recipe (dish_id, ingredient_id, weight) VALUES (0, 38, 31);
INSERT INTO resto_zasb.dbo.Recipe (dish_id, ingredient_id, weight) VALUES (4, 38, 12);
INSERT INTO resto_zasb.dbo.Recipe (dish_id, ingredient_id, weight) VALUES (5, 38, 9);
INSERT INTO resto_zasb.dbo.Recipe (dish_id, ingredient_id, weight) VALUES (9, 38, 35);
INSERT INTO resto_zasb.dbo.Recipe (dish_id, ingredient_id, weight) VALUES (13, 38, 16);
INSERT INTO resto_zasb.dbo.Recipe (dish_id, ingredient_id, weight) VALUES (14, 38, 33);
INSERT INTO resto_zasb.dbo.Recipe (dish_id, ingredient_id, weight) VALUES (17, 38, 42);
INSERT INTO resto_zasb.dbo.Recipe (dish_id, ingredient_id, weight) VALUES (19, 38, 5);
INSERT INTO resto_zasb.dbo.Recipe (dish_id, ingredient_id, weight) VALUES (20, 38, 6);
INSERT INTO resto_zasb.dbo.Recipe (dish_id, ingredient_id, weight) VALUES (25, 38, 15);
INSERT INTO resto_zasb.dbo.Recipe (dish_id, ingredient_id, weight) VALUES (28, 38, 25);
INSERT INTO resto_zasb.dbo.Recipe (dish_id, ingredient_id, weight) VALUES (29, 38, 17);
INSERT INTO resto_zasb.dbo.Recipe (dish_id, ingredient_id, weight) VALUES (32, 38, 36);
INSERT INTO resto_zasb.dbo.Recipe (dish_id, ingredient_id, weight) VALUES (34, 38, 33);
INSERT INTO resto_zasb.dbo.Recipe (dish_id, ingredient_id, weight) VALUES (41, 38, 8);
INSERT INTO resto_zasb.dbo.Recipe (dish_id, ingredient_id, weight) VALUES (42, 38, 19);
INSERT INTO resto_zasb.dbo.Recipe (dish_id, ingredient_id, weight) VALUES (45, 38, 9);
INSERT INTO resto_zasb.dbo.Recipe (dish_id, ingredient_id, weight) VALUES (46, 38, 48);
INSERT INTO resto_zasb.dbo.Recipe (dish_id, ingredient_id, weight) VALUES (47, 38, 41);
INSERT INTO resto_zasb.dbo.Recipe (dish_id, ingredient_id, weight) VALUES (49, 38, 32);
INSERT INTO resto_zasb.dbo.Recipe (dish_id, ingredient_id, weight) VALUES (19, 39, 34);
INSERT INTO resto_zasb.dbo.Recipe (dish_id, ingredient_id, weight) VALUES (38, 39, 47);
INSERT INTO resto_zasb.dbo.Recipe (dish_id, ingredient_id, weight) VALUES (47, 40, 48);
INSERT INTO resto_zasb.dbo.Recipe (dish_id, ingredient_id, weight) VALUES (13, 41, 5);
INSERT INTO resto_zasb.dbo.Recipe (dish_id, ingredient_id, weight) VALUES (10, 42, 16);
INSERT INTO resto_zasb.dbo.Recipe (dish_id, ingredient_id, weight) VALUES (30, 43, 12);
INSERT INTO resto_zasb.dbo.Recipe (dish_id, ingredient_id, weight) VALUES (27, 44, 31);
INSERT INTO resto_zasb.dbo.Recipe (dish_id, ingredient_id, weight) VALUES (19, 45, 39);
INSERT INTO resto_zasb.dbo.Recipe (dish_id, ingredient_id, weight) VALUES (9, 46, 13);
INSERT INTO resto_zasb.dbo.Recipe (dish_id, ingredient_id, weight) VALUES (0, 47, 25);
INSERT INTO resto_zasb.dbo.Recipe (dish_id, ingredient_id, weight) VALUES (14, 48, 21);
INSERT INTO resto_zasb.dbo.Recipe (dish_id, ingredient_id, weight) VALUES (20, 49, 46);
INSERT INTO resto_zasb.dbo.Recipe (dish_id, ingredient_id, weight) VALUES (33, 49, 16);
INSERT INTO resto_zasb.dbo.Recipe (dish_id, ingredient_id, weight) VALUES (40, 49, 24);
INSERT INTO resto_zasb.dbo.Recipe (dish_id, ingredient_id, weight) VALUES (47, 49, 22);
INSERT INTO resto_zasb.dbo.Recipe (dish_id, ingredient_id, weight) VALUES (3, 50, 10);
INSERT INTO resto_zasb.dbo.Recipe (dish_id, ingredient_id, weight) VALUES (5, 50, 46);
INSERT INTO resto_zasb.dbo.Recipe (dish_id, ingredient_id, weight) VALUES (16, 50, 39);
INSERT INTO resto_zasb.dbo.Recipe (dish_id, ingredient_id, weight) VALUES (19, 50, 37);
INSERT INTO resto_zasb.dbo.Recipe (dish_id, ingredient_id, weight) VALUES (29, 50, 15);
INSERT INTO resto_zasb.dbo.Recipe (dish_id, ingredient_id, weight) VALUES (38, 50, 33);
INSERT INTO resto_zasb.dbo.Recipe (dish_id, ingredient_id, weight) VALUES (11, 51, 27);
INSERT INTO resto_zasb.dbo.Recipe (dish_id, ingredient_id, weight) VALUES (21, 52, 5);
INSERT INTO resto_zasb.dbo.Recipe (dish_id, ingredient_id, weight) VALUES (31, 53, 22);
INSERT INTO resto_zasb.dbo.Recipe (dish_id, ingredient_id, weight) VALUES (23, 54, 43);
INSERT INTO resto_zasb.dbo.Recipe (dish_id, ingredient_id, weight) VALUES (39, 55, 45);
INSERT INTO resto_zasb.dbo.Recipe (dish_id, ingredient_id, weight) VALUES (8, 56, 40);
INSERT INTO resto_zasb.dbo.Recipe (dish_id, ingredient_id, weight) VALUES (14, 57, 29);
INSERT INTO resto_zasb.dbo.Recipe (dish_id, ingredient_id, weight) VALUES (42, 58, 18);
INSERT INTO resto_zasb.dbo.Recipe (dish_id, ingredient_id, weight) VALUES (4, 59, 29);
INSERT INTO resto_zasb.dbo.Recipe (dish_id, ingredient_id, weight) VALUES (4, 60, 6);
INSERT INTO resto_zasb.dbo.Recipe (dish_id, ingredient_id, weight) VALUES (14, 61, 42);
INSERT INTO resto_zasb.dbo.Recipe (dish_id, ingredient_id, weight) VALUES (28, 61, 45);
INSERT INTO resto_zasb.dbo.Recipe (dish_id, ingredient_id, weight) VALUES (46, 61, 25);
INSERT INTO resto_zasb.dbo.Recipe (dish_id, ingredient_id, weight) VALUES (49, 61, 23);
INSERT INTO resto_zasb.dbo.Recipe (dish_id, ingredient_id, weight) VALUES (20, 62, 14);
INSERT INTO resto_zasb.dbo.Recipe (dish_id, ingredient_id, weight) VALUES (19, 63, 46);
INSERT INTO resto_zasb.dbo.Recipe (dish_id, ingredient_id, weight) VALUES (24, 64, 8);
INSERT INTO resto_zasb.dbo.Recipe (dish_id, ingredient_id, weight) VALUES (47, 65, 48);
INSERT INTO resto_zasb.dbo.Recipe (dish_id, ingredient_id, weight) VALUES (10, 66, 10);
INSERT INTO resto_zasb.dbo.Recipe (dish_id, ingredient_id, weight) VALUES (26, 66, 5);
INSERT INTO resto_zasb.dbo.Recipe (dish_id, ingredient_id, weight) VALUES (41, 67, 14);
INSERT INTO resto_zasb.dbo.Recipe (dish_id, ingredient_id, weight) VALUES (14, 68, 42);
INSERT INTO resto_zasb.dbo.Recipe (dish_id, ingredient_id, weight) VALUES (26, 68, 8);
INSERT INTO resto_zasb.dbo.Recipe (dish_id, ingredient_id, weight) VALUES (10, 69, 29);
INSERT INTO resto_zasb.dbo.Recipe (dish_id, ingredient_id, weight) VALUES (12, 69, 41);
INSERT INTO resto_zasb.dbo.Recipe (dish_id, ingredient_id, weight) VALUES (26, 69, 24);
INSERT INTO resto_zasb.dbo.Recipe (dish_id, ingredient_id, weight) VALUES (34, 69, 21);
INSERT INTO resto_zasb.dbo.Recipe (dish_id, ingredient_id, weight) VALUES (40, 69, 43);
INSERT INTO resto_zasb.dbo.Recipe (dish_id, ingredient_id, weight) VALUES (19, 70, 29);
INSERT INTO resto_zasb.dbo.Recipe (dish_id, ingredient_id, weight) VALUES (27, 70, 33);
INSERT INTO resto_zasb.dbo.Recipe (dish_id, ingredient_id, weight) VALUES (34, 70, 41);
INSERT INTO resto_zasb.dbo.Recipe (dish_id, ingredient_id, weight) VALUES (19, 71, 23);
INSERT INTO resto_zasb.dbo.Recipe (dish_id, ingredient_id, weight) VALUES (22, 71, 15);
INSERT INTO resto_zasb.dbo.Recipe (dish_id, ingredient_id, weight) VALUES (31, 71, 25);
INSERT INTO resto_zasb.dbo.Recipe (dish_id, ingredient_id, weight) VALUES (36, 72, 27);
INSERT INTO resto_zasb.dbo.Recipe (dish_id, ingredient_id, weight) VALUES (42, 73, 50);
INSERT INTO resto_zasb.dbo.Recipe (dish_id, ingredient_id, weight) VALUES (1, 74, 12);
INSERT INTO resto_zasb.dbo.Recipe (dish_id, ingredient_id, weight) VALUES (8, 74, 21);
INSERT INTO resto_zasb.dbo.Recipe (dish_id, ingredient_id, weight) VALUES (9, 74, 24);
INSERT INTO resto_zasb.dbo.Recipe (dish_id, ingredient_id, weight) VALUES (11, 74, 30);
INSERT INTO resto_zasb.dbo.Recipe (dish_id, ingredient_id, weight) VALUES (30, 74, 37);
INSERT INTO resto_zasb.dbo.Recipe (dish_id, ingredient_id, weight) VALUES (36, 74, 29);
INSERT INTO resto_zasb.dbo.Recipe (dish_id, ingredient_id, weight) VALUES (22, 75, 42);
INSERT INTO resto_zasb.dbo.Recipe (dish_id, ingredient_id, weight) VALUES (15, 76, 5);
INSERT INTO resto_zasb.dbo.Recipe (dish_id, ingredient_id, weight) VALUES (20, 77, 8);
INSERT INTO resto_zasb.dbo.Recipe (dish_id, ingredient_id, weight) VALUES (14, 78, 30);
INSERT INTO resto_zasb.dbo.Recipe (dish_id, ingredient_id, weight) VALUES (4, 79, 18);
INSERT INTO resto_zasb.dbo.Recipe (dish_id, ingredient_id, weight) VALUES (4, 80, 8);
INSERT INTO resto_zasb.dbo.Recipe (dish_id, ingredient_id, weight) VALUES (5, 80, 38);
INSERT INTO resto_zasb.dbo.Recipe (dish_id, ingredient_id, weight) VALUES (22, 81, 39);
INSERT INTO resto_zasb.dbo.Recipe (dish_id, ingredient_id, weight) VALUES (3, 82, 49);
INSERT INTO resto_zasb.dbo.Recipe (dish_id, ingredient_id, weight) VALUES (0, 83, 47);
INSERT INTO resto_zasb.dbo.Recipe (dish_id, ingredient_id, weight) VALUES (19, 83, 42);
INSERT INTO resto_zasb.dbo.Recipe (dish_id, ingredient_id, weight) VALUES (26, 83, 28);
INSERT INTO resto_zasb.dbo.Recipe (dish_id, ingredient_id, weight) VALUES (31, 83, 39);
INSERT INTO resto_zasb.dbo.Recipe (dish_id, ingredient_id, weight) VALUES (33, 83, 42);
INSERT INTO resto_zasb.dbo.Recipe (dish_id, ingredient_id, weight) VALUES (34, 83, 37);
INSERT INTO resto_zasb.dbo.Recipe (dish_id, ingredient_id, weight) VALUES (35, 83, 32);
INSERT INTO resto_zasb.dbo.Recipe (dish_id, ingredient_id, weight) VALUES (46, 83, 12);
INSERT INTO resto_zasb.dbo.Recipe (dish_id, ingredient_id, weight) VALUES (3, 84, 33);
INSERT INTO resto_zasb.dbo.Recipe (dish_id, ingredient_id, weight) VALUES (15, 85, 40);
INSERT INTO resto_zasb.dbo.Recipe (dish_id, ingredient_id, weight) VALUES (21, 85, 48);
INSERT INTO resto_zasb.dbo.Recipe (dish_id, ingredient_id, weight) VALUES (26, 85, 42);
INSERT INTO resto_zasb.dbo.Recipe (dish_id, ingredient_id, weight) VALUES (35, 85, 21);
INSERT INTO resto_zasb.dbo.Recipe (dish_id, ingredient_id, weight) VALUES (40, 85, 48);
INSERT INTO resto_zasb.dbo.Recipe (dish_id, ingredient_id, weight) VALUES (44, 85, 39);
INSERT INTO resto_zasb.dbo.Recipe (dish_id, ingredient_id, weight) VALUES (3, 86, 21);
INSERT INTO resto_zasb.dbo.Recipe (dish_id, ingredient_id, weight) VALUES (41, 87, 50);
INSERT INTO resto_zasb.dbo.Recipe (dish_id, ingredient_id, weight) VALUES (48, 88, 18);
INSERT INTO resto_zasb.dbo.Recipe (dish_id, ingredient_id, weight) VALUES (16, 89, 33);
INSERT INTO resto_zasb.dbo.Recipe (dish_id, ingredient_id, weight) VALUES (42, 90, 38);
INSERT INTO resto_zasb.dbo.Recipe (dish_id, ingredient_id, weight) VALUES (22, 91, 25);
INSERT INTO resto_zasb.dbo.Recipe (dish_id, ingredient_id, weight) VALUES (17, 92, 34);
INSERT INTO resto_zasb.dbo.Recipe (dish_id, ingredient_id, weight) VALUES (33, 93, 23);
INSERT INTO resto_zasb.dbo.Recipe (dish_id, ingredient_id, weight) VALUES (8, 94, 44);
INSERT INTO resto_zasb.dbo.Recipe (dish_id, ingredient_id, weight) VALUES (26, 95, 17);
INSERT INTO resto_zasb.dbo.Recipe (dish_id, ingredient_id, weight) VALUES (40, 96, 10);
INSERT INTO resto_zasb.dbo.Recipe (dish_id, ingredient_id, weight) VALUES (44, 97, 28);
INSERT INTO resto_zasb.dbo.Recipe (dish_id, ingredient_id, weight) VALUES (38, 98, 33);
INSERT INTO resto_zasb.dbo.Recipe (dish_id, ingredient_id, weight) VALUES (15, 99, 25);
INSERT INTO resto_zasb.dbo.Recipe (dish_id, ingredient_id, weight) VALUES (49, 100, 45);
INSERT INTO resto_zasb.dbo.Recipe (dish_id, ingredient_id, weight) VALUES (0, 101, 27);
INSERT INTO resto_zasb.dbo.Recipe (dish_id, ingredient_id, weight) VALUES (8, 101, 22);
INSERT INTO resto_zasb.dbo.Recipe (dish_id, ingredient_id, weight) VALUES (11, 101, 23);
INSERT INTO resto_zasb.dbo.Recipe (dish_id, ingredient_id, weight) VALUES (21, 101, 12);
INSERT INTO resto_zasb.dbo.Recipe (dish_id, ingredient_id, weight) VALUES (25, 101, 36);
INSERT INTO resto_zasb.dbo.Recipe (dish_id, ingredient_id, weight) VALUES (27, 101, 13);
INSERT INTO resto_zasb.dbo.Recipe (dish_id, ingredient_id, weight) VALUES (33, 101, 28);
INSERT INTO resto_zasb.dbo.Recipe (dish_id, ingredient_id, weight) VALUES (34, 101, 7);
INSERT INTO resto_zasb.dbo.Recipe (dish_id, ingredient_id, weight) VALUES (40, 101, 8);
INSERT INTO resto_zasb.dbo.Recipe (dish_id, ingredient_id, weight) VALUES (41, 101, 50);
INSERT INTO resto_zasb.dbo.Recipe (dish_id, ingredient_id, weight) VALUES (49, 101, 32);
INSERT INTO resto_zasb.dbo.Recipe (dish_id, ingredient_id, weight) VALUES (6, 102, 14);
INSERT INTO resto_zasb.dbo.Recipe (dish_id, ingredient_id, weight) VALUES (16, 103, 28);
INSERT INTO resto_zasb.dbo.Recipe (dish_id, ingredient_id, weight) VALUES (28, 103, 19);
INSERT INTO resto_zasb.dbo.Recipe (dish_id, ingredient_id, weight) VALUES (37, 103, 14);
INSERT INTO resto_zasb.dbo.Recipe (dish_id, ingredient_id, weight) VALUES (45, 103, 18);
INSERT INTO resto_zasb.dbo.Recipe (dish_id, ingredient_id, weight) VALUES (48, 103, 17);
INSERT INTO resto_zasb.dbo.Recipe (dish_id, ingredient_id, weight) VALUES (18, 104, 16);
INSERT INTO resto_zasb.dbo.Recipe (dish_id, ingredient_id, weight) VALUES (10, 105, 25);
INSERT INTO resto_zasb.dbo.Recipe (dish_id, ingredient_id, weight) VALUES (4, 106, 11);
INSERT INTO resto_zasb.dbo.Recipe (dish_id, ingredient_id, weight) VALUES (5, 106, 47);
INSERT INTO resto_zasb.dbo.Recipe (dish_id, ingredient_id, weight) VALUES (7, 106, 46);
INSERT INTO resto_zasb.dbo.Recipe (dish_id, ingredient_id, weight) VALUES (11, 106, 39);
INSERT INTO resto_zasb.dbo.Recipe (dish_id, ingredient_id, weight) VALUES (16, 106, 16);
INSERT INTO resto_zasb.dbo.Recipe (dish_id, ingredient_id, weight) VALUES (28, 106, 38);
INSERT INTO resto_zasb.dbo.Recipe (dish_id, ingredient_id, weight) VALUES (30, 106, 10);
INSERT INTO resto_zasb.dbo.Recipe (dish_id, ingredient_id, weight) VALUES (36, 106, 46);
INSERT INTO resto_zasb.dbo.Recipe (dish_id, ingredient_id, weight) VALUES (48, 106, 27);
INSERT INTO resto_zasb.dbo.Recipe (dish_id, ingredient_id, weight) VALUES (32, 107, 46);
INSERT INTO resto_zasb.dbo.Recipe (dish_id, ingredient_id, weight) VALUES (5, 108, 35);
INSERT INTO resto_zasb.dbo.Recipe (dish_id, ingredient_id, weight) VALUES (22, 109, 21);
INSERT INTO resto_zasb.dbo.Recipe (dish_id, ingredient_id, weight) VALUES (24, 110, 29);
INSERT INTO resto_zasb.dbo.Recipe (dish_id, ingredient_id, weight) VALUES (7, 111, 18);
INSERT INTO resto_zasb.dbo.Recipe (dish_id, ingredient_id, weight) VALUES (28, 112, 27);
INSERT INTO resto_zasb.dbo.Recipe (dish_id, ingredient_id, weight) VALUES (24, 113, 16);
INSERT INTO resto_zasb.dbo.Recipe (dish_id, ingredient_id, weight) VALUES (34, 114, 20);
INSERT INTO resto_zasb.dbo.Recipe (dish_id, ingredient_id, weight) VALUES (31, 115, 50);
INSERT INTO resto_zasb.dbo.Recipe (dish_id, ingredient_id, weight) VALUES (0, 116, 35);
INSERT INTO resto_zasb.dbo.Recipe (dish_id, ingredient_id, weight) VALUES (49, 117, 10);
INSERT INTO resto_zasb.dbo.Recipe (dish_id, ingredient_id, weight) VALUES (19, 118, 33);
INSERT INTO resto_zasb.dbo.Recipe (dish_id, ingredient_id, weight) VALUES (37, 118, 44);
INSERT INTO resto_zasb.dbo.Recipe (dish_id, ingredient_id, weight) VALUES (19, 119, 40);
INSERT INTO resto_zasb.dbo.Recipe (dish_id, ingredient_id, weight) VALUES (22, 119, 49);
INSERT INTO resto_zasb.dbo.Recipe (dish_id, ingredient_id, weight) VALUES (29, 119, 15);
INSERT INTO resto_zasb.dbo.Recipe (dish_id, ingredient_id, weight) VALUES (38, 119, 47);
INSERT INTO resto_zasb.dbo.Recipe (dish_id, ingredient_id, weight) VALUES (21, 120, 44);
INSERT INTO resto_zasb.dbo.Recipe (dish_id, ingredient_id, weight) VALUES (40, 120, 21);
INSERT INTO resto_zasb.dbo.Recipe (dish_id, ingredient_id, weight) VALUES (31, 121, 28);
INSERT INTO resto_zasb.dbo.Recipe (dish_id, ingredient_id, weight) VALUES (37, 122, 48);
INSERT INTO resto_zasb.dbo.Recipe (dish_id, ingredient_id, weight) VALUES (43, 123, 5);
INSERT INTO resto_zasb.dbo.Recipe (dish_id, ingredient_id, weight) VALUES (0, 124, 50);
INSERT INTO resto_zasb.dbo.Recipe (dish_id, ingredient_id, weight) VALUES (22, 125, 44);
INSERT INTO resto_zasb.dbo.Recipe (dish_id, ingredient_id, weight) VALUES (11, 126, 41);
INSERT INTO resto_zasb.dbo.Recipe (dish_id, ingredient_id, weight) VALUES (31, 126, 16);
INSERT INTO resto_zasb.dbo.Recipe (dish_id, ingredient_id, weight) VALUES (24, 127, 37);
INSERT INTO resto_zasb.dbo.Recipe (dish_id, ingredient_id, weight) VALUES (44, 127, 11);
INSERT INTO resto_zasb.dbo.Recipe (dish_id, ingredient_id, weight) VALUES (26, 128, 46);
INSERT INTO resto_zasb.dbo.Recipe (dish_id, ingredient_id, weight) VALUES (26, 129, 23);
INSERT INTO resto_zasb.dbo.Recipe (dish_id, ingredient_id, weight) VALUES (27, 129, 5);
INSERT INTO resto_zasb.dbo.Recipe (dish_id, ingredient_id, weight) VALUES (45, 129, 11);
INSERT INTO resto_zasb.dbo.Recipe (dish_id, ingredient_id, weight) VALUES (1, 130, 22);
INSERT INTO resto_zasb.dbo.Recipe (dish_id, ingredient_id, weight) VALUES (8, 130, 16);
INSERT INTO resto_zasb.dbo.Recipe (dish_id, ingredient_id, weight) VALUES (19, 131, 34);
INSERT INTO resto_zasb.dbo.Recipe (dish_id, ingredient_id, weight) VALUES (22, 132, 23);
INSERT INTO resto_zasb.dbo.Recipe (dish_id, ingredient_id, weight) VALUES (46, 133, 25);
INSERT INTO resto_zasb.dbo.Recipe (dish_id, ingredient_id, weight) VALUES (15, 134, 7);
INSERT INTO resto_zasb.dbo.Recipe (dish_id, ingredient_id, weight) VALUES (2, 135, 17);
INSERT INTO resto_zasb.dbo.Recipe (dish_id, ingredient_id, weight) VALUES (10, 136, 28);
INSERT INTO resto_zasb.dbo.Recipe (dish_id, ingredient_id, weight) VALUES (33, 137, 12);
INSERT INTO resto_zasb.dbo.Recipe (dish_id, ingredient_id, weight) VALUES (38, 138, 6);
INSERT INTO resto_zasb.dbo.Recipe (dish_id, ingredient_id, weight) VALUES (42, 139, 44);
INSERT INTO resto_zasb.dbo.Recipe (dish_id, ingredient_id, weight) VALUES (10, 140, 13);
INSERT INTO resto_zasb.dbo.Recipe (dish_id, ingredient_id, weight) VALUES (13, 143, 14);
INSERT INTO resto_zasb.dbo.Recipe (dish_id, ingredient_id, weight) VALUES (44, 143, 45);
INSERT INTO resto_zasb.dbo.Recipe (dish_id, ingredient_id, weight) VALUES (25, 144, 31);
INSERT INTO resto_zasb.dbo.Recipe (dish_id, ingredient_id, weight) VALUES (31, 145, 34);
INSERT INTO resto_zasb.dbo.Recipe (dish_id, ingredient_id, weight) VALUES (45, 145, 49);
INSERT INTO resto_zasb.dbo.Recipe (dish_id, ingredient_id, weight) VALUES (26, 146, 37);
INSERT INTO resto_zasb.dbo.Recipe (dish_id, ingredient_id, weight) VALUES (10, 147, 31);
INSERT INTO resto_zasb.dbo.Recipe (dish_id, ingredient_id, weight) VALUES (14, 148, 8);
INSERT INTO resto_zasb.dbo.Recipe (dish_id, ingredient_id, weight) VALUES (36, 149, 40);
INSERT INTO resto_zasb.dbo.Recipe (dish_id, ingredient_id, weight) VALUES (45, 150, 6);
INSERT INTO resto_zasb.dbo.Recipe (dish_id, ingredient_id, weight) VALUES (49, 150, 25);
INSERT INTO resto_zasb.dbo.Recipe (dish_id, ingredient_id, weight) VALUES (39, 151, 25);
INSERT INTO resto_zasb.dbo.Recipe (dish_id, ingredient_id, weight) VALUES (20, 152, 29);
INSERT INTO resto_zasb.dbo.Recipe (dish_id, ingredient_id, weight) VALUES (10, 153, 29);
INSERT INTO resto_zasb.dbo.Recipe (dish_id, ingredient_id, weight) VALUES (19, 153, 11);
INSERT INTO resto_zasb.dbo.Recipe (dish_id, ingredient_id, weight) VALUES (10, 154, 9);
INSERT INTO resto_zasb.dbo.Recipe (dish_id, ingredient_id, weight) VALUES (20, 155, 29);
INSERT INTO resto_zasb.dbo.Recipe (dish_id, ingredient_id, weight) VALUES (42, 156, 24);
INSERT INTO resto_zasb.dbo.Recipe (dish_id, ingredient_id, weight) VALUES (5, 157, 32);
INSERT INTO resto_zasb.dbo.Recipe (dish_id, ingredient_id, weight) VALUES (10, 158, 33);
INSERT INTO resto_zasb.dbo.Recipe (dish_id, ingredient_id, weight) VALUES (46, 158, 27);
INSERT INTO resto_zasb.dbo.Recipe (dish_id, ingredient_id, weight) VALUES (18, 159, 22);
INSERT INTO resto_zasb.dbo.Recipe (dish_id, ingredient_id, weight) VALUES (31, 160, 43);
INSERT INTO resto_zasb.dbo.Recipe (dish_id, ingredient_id, weight) VALUES (0, 161, 38);
INSERT INTO resto_zasb.dbo.Recipe (dish_id, ingredient_id, weight) VALUES (35, 162, 13);
INSERT INTO resto_zasb.dbo.Recipe (dish_id, ingredient_id, weight) VALUES (44, 163, 5);
INSERT INTO resto_zasb.dbo.Recipe (dish_id, ingredient_id, weight) VALUES (0, 164, 7);
INSERT INTO resto_zasb.dbo.Recipe (dish_id, ingredient_id, weight) VALUES (8, 164, 34);
INSERT INTO resto_zasb.dbo.Recipe (dish_id, ingredient_id, weight) VALUES (10, 164, 45);
INSERT INTO resto_zasb.dbo.Recipe (dish_id, ingredient_id, weight) VALUES (11, 164, 13);
INSERT INTO resto_zasb.dbo.Recipe (dish_id, ingredient_id, weight) VALUES (18, 164, 37);
INSERT INTO resto_zasb.dbo.Recipe (dish_id, ingredient_id, weight) VALUES (26, 164, 14);
INSERT INTO resto_zasb.dbo.Recipe (dish_id, ingredient_id, weight) VALUES (27, 164, 10);
INSERT INTO resto_zasb.dbo.Recipe (dish_id, ingredient_id, weight) VALUES (30, 164, 48);
INSERT INTO resto_zasb.dbo.Recipe (dish_id, ingredient_id, weight) VALUES (32, 164, 29);
INSERT INTO resto_zasb.dbo.Recipe (dish_id, ingredient_id, weight) VALUES (46, 164, 6);
INSERT INTO resto_zasb.dbo.Recipe (dish_id, ingredient_id, weight) VALUES (10, 165, 49);
INSERT INTO resto_zasb.dbo.Recipe (dish_id, ingredient_id, weight) VALUES (7, 167, 46);
INSERT INTO resto_zasb.dbo.Recipe (dish_id, ingredient_id, weight) VALUES (14, 168, 36);
INSERT INTO resto_zasb.dbo.Recipe (dish_id, ingredient_id, weight) VALUES (43, 169, 41);
INSERT INTO resto_zasb.dbo.Recipe (dish_id, ingredient_id, weight) VALUES (6, 170, 42);
INSERT INTO resto_zasb.dbo.Recipe (dish_id, ingredient_id, weight) VALUES (4, 171, 28);
INSERT INTO resto_zasb.dbo.Recipe (dish_id, ingredient_id, weight) VALUES (6, 171, 13);
INSERT INTO resto_zasb.dbo.Recipe (dish_id, ingredient_id, weight) VALUES (15, 171, 42);
INSERT INTO resto_zasb.dbo.Recipe (dish_id, ingredient_id, weight) VALUES (38, 171, 10);
INSERT INTO resto_zasb.dbo.Recipe (dish_id, ingredient_id, weight) VALUES (7, 172, 17);
INSERT INTO resto_zasb.dbo.Recipe (dish_id, ingredient_id, weight) VALUES (30, 173, 50);
INSERT INTO resto_zasb.dbo.Recipe (dish_id, ingredient_id, weight) VALUES (37, 174, 16);
INSERT INTO resto_zasb.dbo.Recipe (dish_id, ingredient_id, weight) VALUES (20, 175, 33);
INSERT INTO resto_zasb.dbo.Recipe (dish_id, ingredient_id, weight) VALUES (37, 175, 38);
INSERT INTO resto_zasb.dbo.Recipe (dish_id, ingredient_id, weight) VALUES (48, 175, 16);
INSERT INTO resto_zasb.dbo.Recipe (dish_id, ingredient_id, weight) VALUES (26, 176, 24);
INSERT INTO resto_zasb.dbo.Recipe (dish_id, ingredient_id, weight) VALUES (19, 177, 48);
INSERT INTO resto_zasb.dbo.Recipe (dish_id, ingredient_id, weight) VALUES (35, 178, 15);
INSERT INTO resto_zasb.dbo.Recipe (dish_id, ingredient_id, weight) VALUES (9, 179, 31);
INSERT INTO resto_zasb.dbo.Recipe (dish_id, ingredient_id, weight) VALUES (6, 180, 42);
INSERT INTO resto_zasb.dbo.Recipe (dish_id, ingredient_id, weight) VALUES (18, 181, 21);
INSERT INTO resto_zasb.dbo.Recipe (dish_id, ingredient_id, weight) VALUES (18, 182, 20);
INSERT INTO resto_zasb.dbo.Recipe (dish_id, ingredient_id, weight) VALUES (35, 182, 13);
INSERT INTO resto_zasb.dbo.Recipe (dish_id, ingredient_id, weight) VALUES (40, 182, 17);
INSERT INTO resto_zasb.dbo.Recipe (dish_id, ingredient_id, weight) VALUES (46, 182, 38);
INSERT INTO resto_zasb.dbo.Recipe (dish_id, ingredient_id, weight) VALUES (27, 183, 11);
INSERT INTO resto_zasb.dbo.Recipe (dish_id, ingredient_id, weight) VALUES (49, 183, 34);
INSERT INTO resto_zasb.dbo.Recipe (dish_id, ingredient_id, weight) VALUES (46, 184, 13);
INSERT INTO resto_zasb.dbo.Recipe (dish_id, ingredient_id, weight) VALUES (47, 185, 37);
INSERT INTO resto_zasb.dbo.Recipe (dish_id, ingredient_id, weight) VALUES (29, 186, 27);
INSERT INTO resto_zasb.dbo.Recipe (dish_id, ingredient_id, weight) VALUES (39, 187, 33);
INSERT INTO resto_zasb.dbo.Recipe (dish_id, ingredient_id, weight) VALUES (38, 188, 35);
INSERT INTO resto_zasb.dbo.Recipe (dish_id, ingredient_id, weight) VALUES (37, 189, 16);
INSERT INTO resto_zasb.dbo.Recipe (dish_id, ingredient_id, weight) VALUES (36, 190, 17);
INSERT INTO resto_zasb.dbo.Recipe (dish_id, ingredient_id, weight) VALUES (12, 191, 23);
INSERT INTO resto_zasb.dbo.Recipe (dish_id, ingredient_id, weight) VALUES (14, 191, 33);
INSERT INTO resto_zasb.dbo.Recipe (dish_id, ingredient_id, weight) VALUES (35, 191, 15);
INSERT INTO resto_zasb.dbo.Recipe (dish_id, ingredient_id, weight) VALUES (46, 191, 37);
INSERT INTO resto_zasb.dbo.Recipe (dish_id, ingredient_id, weight) VALUES (23, 192, 30);
INSERT INTO resto_zasb.dbo.Recipe (dish_id, ingredient_id, weight) VALUES (4, 193, 25);
INSERT INTO resto_zasb.dbo.Recipe (dish_id, ingredient_id, weight) VALUES (42, 194, 27);
INSERT INTO resto_zasb.dbo.Recipe (dish_id, ingredient_id, weight) VALUES (45, 194, 31);
INSERT INTO resto_zasb.dbo.Recipe (dish_id, ingredient_id, weight) VALUES (7, 195, 31);
INSERT INTO resto_zasb.dbo.Recipe (dish_id, ingredient_id, weight) VALUES (38, 196, 49);
INSERT INTO resto_zasb.dbo.Recipe (dish_id, ingredient_id, weight) VALUES (13, 197, 25);
INSERT INTO resto_zasb.dbo.Recipe (dish_id, ingredient_id, weight) VALUES (45, 197, 13);
INSERT INTO resto_zasb.dbo.Recipe (dish_id, ingredient_id, weight) VALUES (46, 197, 41);
INSERT INTO resto_zasb.dbo.Recipe (dish_id, ingredient_id, weight) VALUES (47, 197, 45);
INSERT INTO resto_zasb.dbo.Recipe (dish_id, ingredient_id, weight) VALUES (49, 197, 9);
INSERT INTO resto_zasb.dbo.Recipe (dish_id, ingredient_id, weight) VALUES (17, 198, 40);
INSERT INTO resto_zasb.dbo.Recipe (dish_id, ingredient_id, weight) VALUES (21, 199, 30);
INSERT INTO resto_zasb.dbo.Recipe (dish_id, ingredient_id, weight) VALUES (6, 200, 21);
INSERT INTO resto_zasb.dbo.Recipe (dish_id, ingredient_id, weight) VALUES (12, 200, 37);
INSERT INTO resto_zasb.dbo.Recipe (dish_id, ingredient_id, weight) VALUES (23, 200, 18);
INSERT INTO resto_zasb.dbo.Recipe (dish_id, ingredient_id, weight) VALUES (30, 200, 6);
INSERT INTO resto_zasb.dbo.Recipe (dish_id, ingredient_id, weight) VALUES (32, 200, 22);
INSERT INTO resto_zasb.dbo.Recipe (dish_id, ingredient_id, weight) VALUES (44, 200, 18);
INSERT INTO resto_zasb.dbo.Recipe (dish_id, ingredient_id, weight) VALUES (0, 201, 39);
INSERT INTO resto_zasb.dbo.Recipe (dish_id, ingredient_id, weight) VALUES (6, 202, 22);
INSERT INTO resto_zasb.dbo.Recipe (dish_id, ingredient_id, weight) VALUES (12, 202, 45);
INSERT INTO resto_zasb.dbo.Recipe (dish_id, ingredient_id, weight) VALUES (49, 202, 12);
INSERT INTO resto_zasb.dbo.Recipe (dish_id, ingredient_id, weight) VALUES (17, 203, 14);
INSERT INTO resto_zasb.dbo.Recipe (dish_id, ingredient_id, weight) VALUES (0, 204, 13);
INSERT INTO resto_zasb.dbo.Recipe (dish_id, ingredient_id, weight) VALUES (4, 204, 39);
INSERT INTO resto_zasb.dbo.Recipe (dish_id, ingredient_id, weight) VALUES (19, 204, 19);
INSERT INTO resto_zasb.dbo.Recipe (dish_id, ingredient_id, weight) VALUES (46, 205, 40);
INSERT INTO resto_zasb.dbo.Recipe (dish_id, ingredient_id, weight) VALUES (27, 206, 24);



INSERT INTO resto_zasb.dbo.Warehouse (ingredient_id, ingredient_name, price, amount) VALUES (0, N'cornhusks', 0.14, 12);
INSERT INTO resto_zasb.dbo.Warehouse (ingredient_id, ingredient_name, price, amount) VALUES (1, N'horseradishmayonnaise', 3.07, 35.2);
INSERT INTO resto_zasb.dbo.Warehouse (ingredient_id, ingredient_name, price, amount) VALUES (2, N'honey', 0.66, 40.2);
INSERT INTO resto_zasb.dbo.Warehouse (ingredient_id, ingredient_name, price, amount) VALUES (3, N'cakeflour', 4.26, 41.1);
INSERT INTO resto_zasb.dbo.Warehouse (ingredient_id, ingredient_name, price, amount) VALUES (4, N'cubesteaks', 1.62, 36.4);
INSERT INTO resto_zasb.dbo.Warehouse (ingredient_id, ingredient_name, price, amount) VALUES (5, N'2% Reduced-fat milk', 3.44, 31.1);
INSERT INTO resto_zasb.dbo.Warehouse (ingredient_id, ingredient_name, price, amount) VALUES (6, N'cheddarcheese', 2.84, 34.8);
INSERT INTO resto_zasb.dbo.Warehouse (ingredient_id, ingredient_name, price, amount) VALUES (7, N'CountryCrockSpread', 1.7, 6.4);
INSERT INTO resto_zasb.dbo.Warehouse (ingredient_id, ingredient_name, price, amount) VALUES (8, N'koshersalt', 1.21, 54.1);
INSERT INTO resto_zasb.dbo.Warehouse (ingredient_id, ingredient_name, price, amount) VALUES (9, N'poppyseeds', 3.35, 37.6);
INSERT INTO resto_zasb.dbo.Warehouse (ingredient_id, ingredient_name, price, amount) VALUES (10, N'garliccloves', 2.79, 52.1);
INSERT INTO resto_zasb.dbo.Warehouse (ingredient_id, ingredient_name, price, amount) VALUES (11, N'onionsalt', 2.71, 37.3);
INSERT INTO resto_zasb.dbo.Warehouse (ingredient_id, ingredient_name, price, amount) VALUES (12, N'ice', 4.76, 10.2);
INSERT INTO resto_zasb.dbo.Warehouse (ingredient_id, ingredient_name, price, amount) VALUES (13, N'purpleonion', 4.28, 13.7);
INSERT INTO resto_zasb.dbo.Warehouse (ingredient_id, ingredient_name, price, amount) VALUES (14, N'creamofchickensoup', 0.87, 7.9);
INSERT INTO resto_zasb.dbo.Warehouse (ingredient_id, ingredient_name, price, amount) VALUES (15, N'freshsalmon', 1.15, 54.1);
INSERT INTO resto_zasb.dbo.Warehouse (ingredient_id, ingredient_name, price, amount) VALUES (16, N'freshlemonjuice', 2.94, 44.8);
INSERT INTO resto_zasb.dbo.Warehouse (ingredient_id, ingredient_name, price, amount) VALUES (17, N'choppedpecans', 4.16, 29.4);
INSERT INTO resto_zasb.dbo.Warehouse (ingredient_id, ingredient_name, price, amount) VALUES (18, N'lemonjuice', 4.11, 25.1);
INSERT INTO resto_zasb.dbo.Warehouse (ingredient_id, ingredient_name, price, amount) VALUES (19, N'vegetableoil', 4.02, 44.5);
INSERT INTO resto_zasb.dbo.Warehouse (ingredient_id, ingredient_name, price, amount) VALUES (20, N'bourbonwhiskey', 1.78, 3.1);
INSERT INTO resto_zasb.dbo.Warehouse (ingredient_id, ingredient_name, price, amount) VALUES (21, N'buffalosauce', 3, 1);
INSERT INTO resto_zasb.dbo.Warehouse (ingredient_id, ingredient_name, price, amount) VALUES (22, N'bacon', 2.86, 47.2);
INSERT INTO resto_zasb.dbo.Warehouse (ingredient_id, ingredient_name, price, amount) VALUES (23, N'chilipowder', 1.91, 49.2);
INSERT INTO resto_zasb.dbo.Warehouse (ingredient_id, ingredient_name, price, amount) VALUES (24, N'milk', 3.57, 14.2);
INSERT INTO resto_zasb.dbo.Warehouse (ingredient_id, ingredient_name, price, amount) VALUES (25, N'yellowonion', 0.14, 22.8);
INSERT INTO resto_zasb.dbo.Warehouse (ingredient_id, ingredient_name, price, amount) VALUES (26, N'chives', 4.74, 39.9);
INSERT INTO resto_zasb.dbo.Warehouse (ingredient_id, ingredient_name, price, amount) VALUES (27, N'cheese', 4.57, 15.3);
INSERT INTO resto_zasb.dbo.Warehouse (ingredient_id, ingredient_name, price, amount) VALUES (28, N'oldbayseasoning', 3.7, 8.5);
INSERT INTO resto_zasb.dbo.Warehouse (ingredient_id, ingredient_name, price, amount) VALUES (29, N'water', 4.96, 12.9);
INSERT INTO resto_zasb.dbo.Warehouse (ingredient_id, ingredient_name, price, amount) VALUES (30, N'roastedredpeppers', 0.4, 53.3);
INSERT INTO resto_zasb.dbo.Warehouse (ingredient_id, ingredient_name, price, amount) VALUES (31, N'allpurposeunbleachedflour', 1.92, 42.4);
INSERT INTO resto_zasb.dbo.Warehouse (ingredient_id, ingredient_name, price, amount) VALUES (32, N'picklerelish', 3.2, 33.9);
INSERT INTO resto_zasb.dbo.Warehouse (ingredient_id, ingredient_name, price, amount) VALUES (33, N'whitevinegar', 2.33, 38.4);
INSERT INTO resto_zasb.dbo.Warehouse (ingredient_id, ingredient_name, price, amount) VALUES (34, N'boilingwater', 0.89, 58);
INSERT INTO resto_zasb.dbo.Warehouse (ingredient_id, ingredient_name, price, amount) VALUES (35, N'butter', 0.6, 58.6);
INSERT INTO resto_zasb.dbo.Warehouse (ingredient_id, ingredient_name, price, amount) VALUES (36, N'mustard', 4.92, 48.6);
INSERT INTO resto_zasb.dbo.Warehouse (ingredient_id, ingredient_name, price, amount) VALUES (37, N'lettuce', 0.38, 34.6);
INSERT INTO resto_zasb.dbo.Warehouse (ingredient_id, ingredient_name, price, amount) VALUES (38, N'pistachios', 3.45, 32.7);
INSERT INTO resto_zasb.dbo.Warehouse (ingredient_id, ingredient_name, price, amount) VALUES (39, N'onionpowder', 4.67, 58.3);
INSERT INTO resto_zasb.dbo.Warehouse (ingredient_id, ingredient_name, price, amount) VALUES (40, N'largeeggs', 1.69, 25);
INSERT INTO resto_zasb.dbo.Warehouse (ingredient_id, ingredient_name, price, amount) VALUES (41, N'brusselssprouts', 4.26, 52.6);
INSERT INTO resto_zasb.dbo.Warehouse (ingredient_id, ingredient_name, price, amount) VALUES (42, N'unsaltedbutter', 4.87, 4.4);
INSERT INTO resto_zasb.dbo.Warehouse (ingredient_id, ingredient_name, price, amount) VALUES (43, N'dijonmustard', 3.74, 26.1);
INSERT INTO resto_zasb.dbo.Warehouse (ingredient_id, ingredient_name, price, amount) VALUES (44, N'9inchchocolatecrumbcrust', 4.91, 42.2);
INSERT INTO resto_zasb.dbo.Warehouse (ingredient_id, ingredient_name, price, amount) VALUES (45, N'cookingspray', 3.21, 32.6);
INSERT INTO resto_zasb.dbo.Warehouse (ingredient_id, ingredient_name, price, amount) VALUES (46, N'breadcrumbs', 4.03, 45.5);
INSERT INTO resto_zasb.dbo.Warehouse (ingredient_id, ingredient_name, price, amount) VALUES (47, N'SkippyCreamyPeanutButter', 4.95, 33.9);
INSERT INTO resto_zasb.dbo.Warehouse (ingredient_id, ingredient_name, price, amount) VALUES (48, N'bittersweetchocolate', 5, 53.1);
INSERT INTO resto_zasb.dbo.Warehouse (ingredient_id, ingredient_name, price, amount) VALUES (49, N'greenbeans', 1.09, 31.3);
INSERT INTO resto_zasb.dbo.Warehouse (ingredient_id, ingredient_name, price, amount) VALUES (50, N'goatcheese', 3.62, 57.7);
INSERT INTO resto_zasb.dbo.Warehouse (ingredient_id, ingredient_name, price, amount) VALUES (51, N'sugar', 1.37, 52.8);
INSERT INTO resto_zasb.dbo.Warehouse (ingredient_id, ingredient_name, price, amount) VALUES (52, N'ketchup', 4.8, 30.2);
INSERT INTO resto_zasb.dbo.Warehouse (ingredient_id, ingredient_name, price, amount) VALUES (53, N'lumpcrabmeat', 2.49, 44.9);
INSERT INTO resto_zasb.dbo.Warehouse (ingredient_id, ingredient_name, price, amount) VALUES (54, N'ranch-styleseasoning', 2.22, 10.7);
INSERT INTO resto_zasb.dbo.Warehouse (ingredient_id, ingredient_name, price, amount) VALUES (55, N'leangroundturkey', 0.23, 58);
INSERT INTO resto_zasb.dbo.Warehouse (ingredient_id, ingredient_name, price, amount) VALUES (56, N'Hellmann''sDijonnaiseCream', 4.08, 29.8);
INSERT INTO resto_zasb.dbo.Warehouse (ingredient_id, ingredient_name, price, amount) VALUES (57, N'pumpkinpiespice', 3.97, 3.7);
INSERT INTO resto_zasb.dbo.Warehouse (ingredient_id, ingredient_name, price, amount) VALUES (58, N'garlic', 1.3, 37.8);
INSERT INTO resto_zasb.dbo.Warehouse (ingredient_id, ingredient_name, price, amount) VALUES (59, N'Ghirardelli60%CacaoBitte', 3.38, 47.1);
INSERT INTO resto_zasb.dbo.Warehouse (ingredient_id, ingredient_name, price, amount) VALUES (60, N'hotfudgetopping', 0.52, 16.1);
INSERT INTO resto_zasb.dbo.Warehouse (ingredient_id, ingredient_name, price, amount) VALUES (61, N'freshchives', 3.28, 53.2);
INSERT INTO resto_zasb.dbo.Warehouse (ingredient_id, ingredient_name, price, amount) VALUES (62, N'vanilla', 2.92, 2.5);
INSERT INTO resto_zasb.dbo.Warehouse (ingredient_id, ingredient_name, price, amount) VALUES (63, N'all-purposeflour', 4.93, 58.8);
INSERT INTO resto_zasb.dbo.Warehouse (ingredient_id, ingredient_name, price, amount) VALUES (64, N'eggyolks', 3.11, 39.5);
INSERT INTO resto_zasb.dbo.Warehouse (ingredient_id, ingredient_name, price, amount) VALUES (65, N'balsamicvinegar', 1.78, 52);
INSERT INTO resto_zasb.dbo.Warehouse (ingredient_id, ingredient_name, price, amount) VALUES (66, N'gratedparmesancheese', 3.79, 51.9);
INSERT INTO resto_zasb.dbo.Warehouse (ingredient_id, ingredient_name, price, amount) VALUES (67, N'cornstarch', 4.4, 36.6);
INSERT INTO resto_zasb.dbo.Warehouse (ingredient_id, ingredient_name, price, amount) VALUES (68, N'applecider', 1.08, 50.1);
INSERT INTO resto_zasb.dbo.Warehouse (ingredient_id, ingredient_name, price, amount) VALUES (69, N'redvinegarwhitewhite', 3.39, 10.3);
INSERT INTO resto_zasb.dbo.Warehouse (ingredient_id, ingredient_name, price, amount) VALUES (70, N'stuffing', 0.21, 3.5);
INSERT INTO resto_zasb.dbo.Warehouse (ingredient_id, ingredient_name, price, amount) VALUES (71, N'pepper', 2.33, 13.6);
INSERT INTO resto_zasb.dbo.Warehouse (ingredient_id, ingredient_name, price, amount) VALUES (72, N'groundcumin', 4.2, 50.2);
INSERT INTO resto_zasb.dbo.Warehouse (ingredient_id, ingredient_name, price, amount) VALUES (73, N'lemon', 3.09, 53.8);
INSERT INTO resto_zasb.dbo.Warehouse (ingredient_id, ingredient_name, price, amount) VALUES (74, N'redpotato', 2.23, 3.9);
INSERT INTO resto_zasb.dbo.Warehouse (ingredient_id, ingredient_name, price, amount) VALUES (75, N'eggs', 4.54, 17);
INSERT INTO resto_zasb.dbo.Warehouse (ingredient_id, ingredient_name, price, amount) VALUES (76, N'freshmint', 0.43, 7.5);
INSERT INTO resto_zasb.dbo.Warehouse (ingredient_id, ingredient_name, price, amount) VALUES (77, N'olive oil', 0.07, 30.8);
INSERT INTO resto_zasb.dbo.Warehouse (ingredient_id, ingredient_name, price, amount) VALUES (78, N'sweetcorn', 1.01, 0.3);
INSERT INTO resto_zasb.dbo.Warehouse (ingredient_id, ingredient_name, price, amount) VALUES (79, N'greenbellpepper', 1.75, 17);
INSERT INTO resto_zasb.dbo.Warehouse (ingredient_id, ingredient_name, price, amount) VALUES (80, N'wholegrainmustard', 4.76, 39.1);
INSERT INTO resto_zasb.dbo.Warehouse (ingredient_id, ingredient_name, price, amount) VALUES (81, N'oliveoilspray', 0.36, 38.9);
INSERT INTO resto_zasb.dbo.Warehouse (ingredient_id, ingredient_name, price, amount) VALUES (82, N'whitepepper', 4.58, 51.9);
INSERT INTO resto_zasb.dbo.Warehouse (ingredient_id, ingredient_name, price, amount) VALUES (83, N'cranberrysauce', 1.27, 37.6);
INSERT INTO resto_zasb.dbo.Warehouse (ingredient_id, ingredient_name, price, amount) VALUES (84, N'jumboshrimp', 4.39, 49.9);
INSERT INTO resto_zasb.dbo.Warehouse (ingredient_id, ingredient_name, price, amount) VALUES (85, N'pecorinoromanocheese', 2.67, 57.6);
INSERT INTO resto_zasb.dbo.Warehouse (ingredient_id, ingredient_name, price, amount) VALUES (86, N'cauliflower', 1.49, 51.3);
INSERT INTO resto_zasb.dbo.Warehouse (ingredient_id, ingredient_name, price, amount) VALUES (87, N'freshparsley', 4.32, 42.8);
INSERT INTO resto_zasb.dbo.Warehouse (ingredient_id, ingredient_name, price, amount) VALUES (88, N'vegetableshortening', 4.46, 19.5);
INSERT INTO resto_zasb.dbo.Warehouse (ingredient_id, ingredient_name, price, amount) VALUES (89, N'groundblackpepper', 3.98, 37.2);
INSERT INTO resto_zasb.dbo.Warehouse (ingredient_id, ingredient_name, price, amount) VALUES (90, N'heavycream', 0.11, 14.5);
INSERT INTO resto_zasb.dbo.Warehouse (ingredient_id, ingredient_name, price, amount) VALUES (91, N'pankobreadcrumbs', 4.9, 43.6);
INSERT INTO resto_zasb.dbo.Warehouse (ingredient_id, ingredient_name, price, amount) VALUES (92, N'tortillas', 1.19, 5.7);
INSERT INTO resto_zasb.dbo.Warehouse (ingredient_id, ingredient_name, price, amount) VALUES (93, N'creamypeanutbutter', 1.49, 27.5);
INSERT INTO resto_zasb.dbo.Warehouse (ingredient_id, ingredient_name, price, amount) VALUES (94, N'bonelessskinlesschickenbr', 0.6, 36.8);
INSERT INTO resto_zasb.dbo.Warehouse (ingredient_id, ingredient_name, price, amount) VALUES (95, N'blackpepper', 2.03, 20);
INSERT INTO resto_zasb.dbo.Warehouse (ingredient_id, ingredient_name, price, amount) VALUES (96, N'cotija', 0.88, 19);
INSERT INTO resto_zasb.dbo.Warehouse (ingredient_id, ingredient_name, price, amount) VALUES (97, N'fetacheese', 3.89, 42.9);
INSERT INTO resto_zasb.dbo.Warehouse (ingredient_id, ingredient_name, price, amount) VALUES (98, N'any', 4.2, 51.3);
INSERT INTO resto_zasb.dbo.Warehouse (ingredient_id, ingredient_name, price, amount) VALUES (99, N'JohnsonvilleAndouille', 0.49, 41.3);
INSERT INTO resto_zasb.dbo.Warehouse (ingredient_id, ingredient_name, price, amount) VALUES (100, N'roastbeef', 3.46, 50.7);
INSERT INTO resto_zasb.dbo.Warehouse (ingredient_id, ingredient_name, price, amount) VALUES (101, N'briecheese', 4.53, 58.2);
INSERT INTO resto_zasb.dbo.Warehouse (ingredient_id, ingredient_name, price, amount) VALUES (102, N'choppedcilantro', 1.51, 9.9);
INSERT INTO resto_zasb.dbo.Warehouse (ingredient_id, ingredient_name, price, amount) VALUES (103, N'earofcorn', 1.66, 17.7);
INSERT INTO resto_zasb.dbo.Warehouse (ingredient_id, ingredient_name, price, amount) VALUES (104, N'thyme', 3.43, 36.7);
INSERT INTO resto_zasb.dbo.Warehouse (ingredient_id, ingredient_name, price, amount) VALUES (105, N'russetpotatoes', 3.28, 23.8);
INSERT INTO resto_zasb.dbo.Warehouse (ingredient_id, ingredient_name, price, amount) VALUES (106, N'bakingsoda', 2.44, 58.8);
INSERT INTO resto_zasb.dbo.Warehouse (ingredient_id, ingredient_name, price, amount) VALUES (107, N'bayleaf', 1.85, 31.3);
INSERT INTO resto_zasb.dbo.Warehouse (ingredient_id, ingredient_name, price, amount) VALUES (108, N'meatloaf', 3.24, 6.1);
INSERT INTO resto_zasb.dbo.Warehouse (ingredient_id, ingredient_name, price, amount) VALUES (109, N'babyspinach', 4.62, 40);
INSERT INTO resto_zasb.dbo.Warehouse (ingredient_id, ingredient_name, price, amount) VALUES (110, N'celery', 2.55, 24.4);
INSERT INTO resto_zasb.dbo.Warehouse (ingredient_id, ingredient_name, price, amount) VALUES (111, N'wine', 1.34, 56.7);
INSERT INTO resto_zasb.dbo.Warehouse (ingredient_id, ingredient_name, price, amount) VALUES (112, N'mincedonion', 4.59, 1.3);
INSERT INTO resto_zasb.dbo.Warehouse (ingredient_id, ingredient_name, price, amount) VALUES (113, N'lightmayonnaise', 0.76, 0.2);
INSERT INTO resto_zasb.dbo.Warehouse (ingredient_id, ingredient_name, price, amount) VALUES (114, N'seasoning', 4.77, 31.6);
INSERT INTO resto_zasb.dbo.Warehouse (ingredient_id, ingredient_name, price, amount) VALUES (115, N'chickenstock', 3.77, 50.1);
INSERT INTO resto_zasb.dbo.Warehouse (ingredient_id, ingredient_name, price, amount) VALUES (116, N'cookedchicken', 0.45, 43.5);
INSERT INTO resto_zasb.dbo.Warehouse (ingredient_id, ingredient_name, price, amount) VALUES (117, N'almonds', 4.18, 7.8);
INSERT INTO resto_zasb.dbo.Warehouse (ingredient_id, ingredient_name, price, amount) VALUES (118, N'gratednutmeg', 4.92, 0.5);
INSERT INTO resto_zasb.dbo.Warehouse (ingredient_id, ingredient_name, price, amount) VALUES (119, N'brownsugar', 4.35, 25.9);
INSERT INTO resto_zasb.dbo.Warehouse (ingredient_id, ingredient_name, price, amount) VALUES (120, N'chipotlepeppers', 2.04, 14.4);
INSERT INTO resto_zasb.dbo.Warehouse (ingredient_id, ingredient_name, price, amount) VALUES (121, N'extra-virginoliveoil', 0.73, 50.3);
INSERT INTO resto_zasb.dbo.Warehouse (ingredient_id, ingredient_name, price, amount) VALUES (122, N'sweetpotatoes', 4.04, 53.5);
INSERT INTO resto_zasb.dbo.Warehouse (ingredient_id, ingredient_name, price, amount) VALUES (123, N'panko', 1.79, 56.6);
INSERT INTO resto_zasb.dbo.Warehouse (ingredient_id, ingredient_name, price, amount) VALUES (124, N'tomatoes', 2.84, 42.7);
INSERT INTO resto_zasb.dbo.Warehouse (ingredient_id, ingredient_name, price, amount) VALUES (125, N'elbowmacaroni', 3.33, 58.9);
INSERT INTO resto_zasb.dbo.Warehouse (ingredient_id, ingredient_name, price, amount) VALUES (126, N'bakingpowder', 3.73, 16.4);
INSERT INTO resto_zasb.dbo.Warehouse (ingredient_id, ingredient_name, price, amount) VALUES (127, N'garlicsalt', 1.16, 30.6);
INSERT INTO resto_zasb.dbo.Warehouse (ingredient_id, ingredient_name, price, amount) VALUES (128, N'freshlygroundpepper', 1.36, 38.9);
INSERT INTO resto_zasb.dbo.Warehouse (ingredient_id, ingredient_name, price, amount) VALUES (129, N'lowsodiumchickenbroth', 3.95, 50.2);
INSERT INTO resto_zasb.dbo.Warehouse (ingredient_id, ingredient_name, price, amount) VALUES (130, N'mayonnaise', 3.9, 19.6);
INSERT INTO resto_zasb.dbo.Warehouse (ingredient_id, ingredient_name, price, amount) VALUES (131, N'tomatopaste', 0.16, 30);
INSERT INTO resto_zasb.dbo.Warehouse (ingredient_id, ingredient_name, price, amount) VALUES (132, N'buttermilkcornbread', 2.82, 48.5);
INSERT INTO resto_zasb.dbo.Warehouse (ingredient_id, ingredient_name, price, amount) VALUES (133, N'hellmann''orbestfoodrealma', 2.57, 20.1);
INSERT INTO resto_zasb.dbo.Warehouse (ingredient_id, ingredient_name, price, amount) VALUES (134, N'cornkernels', 4.11, 1.9);
INSERT INTO resto_zasb.dbo.Warehouse (ingredient_id, ingredient_name, price, amount) VALUES (135, N'half&half', 3.09, 39.5);
INSERT INTO resto_zasb.dbo.Warehouse (ingredient_id, ingredient_name, price, amount) VALUES (136, N'simplesyrup', 0.67, 0.8);
INSERT INTO resto_zasb.dbo.Warehouse (ingredient_id, ingredient_name, price, amount) VALUES (137, N'sourdoughbread', 3.43, 59.2);
INSERT INTO resto_zasb.dbo.Warehouse (ingredient_id, ingredient_name, price, amount) VALUES (138, N'fineseasalt', 3.12, 17.5);
INSERT INTO resto_zasb.dbo.Warehouse (ingredient_id, ingredient_name, price, amount) VALUES (139, N'confectionerssugar', 4.94, 4.4);
INSERT INTO resto_zasb.dbo.Warehouse (ingredient_id, ingredient_name, price, amount) VALUES (140, N'freshcilantro', 0.62, 10.6);
INSERT INTO resto_zasb.dbo.Warehouse (ingredient_id, ingredient_name, price, amount) VALUES (141, N'toast', 0.92, 5.5);
INSERT INTO resto_zasb.dbo.Warehouse (ingredient_id, ingredient_name, price, amount) VALUES (142, N'choppedwalnuts', 3.56, 37.3);
INSERT INTO resto_zasb.dbo.Warehouse (ingredient_id, ingredient_name, price, amount) VALUES (143, N'wish-bonecreamycaesardres', 4.25, 15.2);
INSERT INTO resto_zasb.dbo.Warehouse (ingredient_id, ingredient_name, price, amount) VALUES (144, N'nonfatgreekyogurt', 4.85, 38.5);
INSERT INTO resto_zasb.dbo.Warehouse (ingredient_id, ingredient_name, price, amount) VALUES (145, N'SkippySuperChunkPeanutB', 3.85, 33.7);
INSERT INTO resto_zasb.dbo.Warehouse (ingredient_id, ingredient_name, price, amount) VALUES (146, N'slice', 1.26, 8.7);
INSERT INTO resto_zasb.dbo.Warehouse (ingredient_id, ingredient_name, price, amount) VALUES (147, N'semi-sweetchocolatemorsel', 1.78, 39.5);
INSERT INTO resto_zasb.dbo.Warehouse (ingredient_id, ingredient_name, price, amount) VALUES (148, N'cabbage', 2.22, 10.9);
INSERT INTO resto_zasb.dbo.Warehouse (ingredient_id, ingredient_name, price, amount) VALUES (149, N'frozenwhippedtopping', 0.3, 55.1);
INSERT INTO resto_zasb.dbo.Warehouse (ingredient_id, ingredient_name, price, amount) VALUES (150, N'whiteflour', 3.56, 11.6);
INSERT INTO resto_zasb.dbo.Warehouse (ingredient_id, ingredient_name, price, amount) VALUES (151, N'blueberries', 4.99, 4.8);
INSERT INTO resto_zasb.dbo.Warehouse (ingredient_id, ingredient_name, price, amount) VALUES (152, N'seasalt', 0.82, 3.3);
INSERT INTO resto_zasb.dbo.Warehouse (ingredient_id, ingredient_name, price, amount) VALUES (153, N'yukongoldpotatoes', 2.46, 51.8);
INSERT INTO resto_zasb.dbo.Warehouse (ingredient_id, ingredient_name, price, amount) VALUES (154, N'lightbrownsugar', 0.53, 4.4);
INSERT INTO resto_zasb.dbo.Warehouse (ingredient_id, ingredient_name, price, amount) VALUES (155, N'thick-cutbacon', 4.51, 2.1);
INSERT INTO resto_zasb.dbo.Warehouse (ingredient_id, ingredient_name, price, amount) VALUES (156, N'dinnerrolls', 4.53, 43.9);
INSERT INTO resto_zasb.dbo.Warehouse (ingredient_id, ingredient_name, price, amount) VALUES (157, N'onions', 1.47, 1.8);
INSERT INTO resto_zasb.dbo.Warehouse (ingredient_id, ingredient_name, price, amount) VALUES (158, N'low-fatbuttermilk', 2.22, 0.5);
INSERT INTO resto_zasb.dbo.Warehouse (ingredient_id, ingredient_name, price, amount) VALUES (159, N'pickles', 2.71, 11.3);
INSERT INTO resto_zasb.dbo.Warehouse (ingredient_id, ingredient_name, price, amount) VALUES (160, N'powderedsugar', 0.15, 19.8);
INSERT INTO resto_zasb.dbo.Warehouse (ingredient_id, ingredient_name, price, amount) VALUES (161, N'groundmustard', 0.73, 29.3);
INSERT INTO resto_zasb.dbo.Warehouse (ingredient_id, ingredient_name, price, amount) VALUES (162, N'refriedbeans', 4.24, 38.4);
INSERT INTO resto_zasb.dbo.Warehouse (ingredient_id, ingredient_name, price, amount) VALUES (163, N'piecrust', 4.03, 23.2);
INSERT INTO resto_zasb.dbo.Warehouse (ingredient_id, ingredient_name, price, amount) VALUES (164, N'carrots', 4.41, 54.8);
INSERT INTO resto_zasb.dbo.Warehouse (ingredient_id, ingredient_name, price, amount) VALUES (165, N'cayennepeppersauce', 2.72, 32.7);
INSERT INTO resto_zasb.dbo.Warehouse (ingredient_id, ingredient_name, price, amount) VALUES (166, N'cookedbacon', 3.19, 25);
INSERT INTO resto_zasb.dbo.Warehouse (ingredient_id, ingredient_name, price, amount) VALUES (167, N'cumin', 1.85, 6.2);
INSERT INTO resto_zasb.dbo.Warehouse (ingredient_id, ingredient_name, price, amount) VALUES (168, N'orange', 3.03, 38.1);
INSERT INTO resto_zasb.dbo.Warehouse (ingredient_id, ingredient_name, price, amount) VALUES (169, N'shrimpandcrabboilseasonin', 3.68, 19.6);
INSERT INTO resto_zasb.dbo.Warehouse (ingredient_id, ingredient_name, price, amount) VALUES (170, N'low-fatsharpcheddarcheese', 2.1, 36.8);
INSERT INTO resto_zasb.dbo.Warehouse (ingredient_id, ingredient_name, price, amount) VALUES (171, N'salt', 0.03, 54.6);
INSERT INTO resto_zasb.dbo.Warehouse (ingredient_id, ingredient_name, price, amount) VALUES (172, N'rubbedsage', 2.05, 39.7);
INSERT INTO resto_zasb.dbo.Warehouse (ingredient_id, ingredient_name, price, amount) VALUES (173, N'lightsourcream', 4.63, 55.4);
INSERT INTO resto_zasb.dbo.Warehouse (ingredient_id, ingredient_name, price, amount) VALUES (174, N'parmesancheese', 3.39, 22.6);
INSERT INTO resto_zasb.dbo.Warehouse (ingredient_id, ingredient_name, price, amount) VALUES (175, N'buns', 2.29, 0.2);
INSERT INTO resto_zasb.dbo.Warehouse (ingredient_id, ingredient_name, price, amount) VALUES (176, N'jalapenochilies', 2.56, 52);
INSERT INTO resto_zasb.dbo.Warehouse (ingredient_id, ingredient_name, price, amount) VALUES (177, N'biscuits', 1.84, 42.6);
INSERT INTO resto_zasb.dbo.Warehouse (ingredient_id, ingredient_name, price, amount) VALUES (178, N'groundpepper', 2.08, 21.3);
INSERT INTO resto_zasb.dbo.Warehouse (ingredient_id, ingredient_name, price, amount) VALUES (179, N'Honeycrispapples', 1.33, 45.5);
INSERT INTO resto_zasb.dbo.Warehouse (ingredient_id, ingredient_name, price, amount) VALUES (180, N'romainelettuce', 2.13, 58.8);
INSERT INTO resto_zasb.dbo.Warehouse (ingredient_id, ingredient_name, price, amount) VALUES (181, N'vanillaextract', 2.27, 56.7);
INSERT INTO resto_zasb.dbo.Warehouse (ingredient_id, ingredient_name, price, amount) VALUES (182, N'cocoapowder', 4.11, 9.2);
INSERT INTO resto_zasb.dbo.Warehouse (ingredient_id, ingredient_name, price, amount) VALUES (183, N'tomatosauce', 4.58, 47.6);
INSERT INTO resto_zasb.dbo.Warehouse (ingredient_id, ingredient_name, price, amount) VALUES (184, N'applecidervinegar', 1.99, 40.6);
INSERT INTO resto_zasb.dbo.Warehouse (ingredient_id, ingredient_name, price, amount) VALUES (185, N'choppedfreshmint', 4.84, 59.7);
INSERT INTO resto_zasb.dbo.Warehouse (ingredient_id, ingredient_name, price, amount) VALUES (186, N'crumbledbluecheese', 2.58, 6.2);
INSERT INTO resto_zasb.dbo.Warehouse (ingredient_id, ingredient_name, price, amount) VALUES (187, N'fatfreemilk', 4.38, 56.6);
INSERT INTO resto_zasb.dbo.Warehouse (ingredient_id, ingredient_name, price, amount) VALUES (188, N'shreddedcheddarcheese', 1.21, 6.8);
INSERT INTO resto_zasb.dbo.Warehouse (ingredient_id, ingredient_name, price, amount) VALUES (189, N'croutons', 0.01, 2.5);
INSERT INTO resto_zasb.dbo.Warehouse (ingredient_id, ingredient_name, price, amount) VALUES (190, N'bluecheese', 1.31, 23);
INSERT INTO resto_zasb.dbo.Warehouse (ingredient_id, ingredient_name, price, amount) VALUES (191, N'canolaoil', 2.8, 1.8);
INSERT INTO resto_zasb.dbo.Warehouse (ingredient_id, ingredient_name, price, amount) VALUES (192, N'eggwhites', 2.09, 46.7);
INSERT INTO resto_zasb.dbo.Warehouse (ingredient_id, ingredient_name, price, amount) VALUES (193, N'KlondikeGourmetminipotato', 1.99, 45.5);
INSERT INTO resto_zasb.dbo.Warehouse (ingredient_id, ingredient_name, price, amount) VALUES (194, N'chocolate', 3.86, 42);
INSERT INTO resto_zasb.dbo.Warehouse (ingredient_id, ingredient_name, price, amount) VALUES (195, N'smokedpaprika', 4.94, 14.1);
INSERT INTO resto_zasb.dbo.Warehouse (ingredient_id, ingredient_name, price, amount) VALUES (196, N'sandwichbread', 3.67, 58.5);
INSERT INTO resto_zasb.dbo.Warehouse (ingredient_id, ingredient_name, price, amount) VALUES (197, N'garlicpowder', 4.39, 14);
INSERT INTO resto_zasb.dbo.Warehouse (ingredient_id, ingredient_name, price, amount) VALUES (198, N'dressing', 0.27, 53.7);
INSERT INTO resto_zasb.dbo.Warehouse (ingredient_id, ingredient_name, price, amount) VALUES (199, N'sweetonion', 1.14, 57.9);
INSERT INTO resto_zasb.dbo.Warehouse (ingredient_id, ingredient_name, price, amount) VALUES (200, N'hotsauce', 0.22, 8.3);
INSERT INTO resto_zasb.dbo.Warehouse (ingredient_id, ingredient_name, price, amount) VALUES (201, N'creamcheese', 4.58, 49.4);
INSERT INTO resto_zasb.dbo.Warehouse (ingredient_id, ingredient_name, price, amount) VALUES (202, N'porksausages', 4.43, 38.1);
INSERT INTO resto_zasb.dbo.Warehouse (ingredient_id, ingredient_name, price, amount) VALUES (203, N'buttermilk', 1.76, 27.2);
INSERT INTO resto_zasb.dbo.Warehouse (ingredient_id, ingredient_name, price, amount) VALUES (204, N'shallots', 3.26, 44.8);
INSERT INTO resto_zasb.dbo.Warehouse (ingredient_id, ingredient_name, price, amount) VALUES (205, N'worcestershiresauce', 4.87, 15.3);
INSERT INTO resto_zasb.dbo.Warehouse (ingredient_id, ingredient_name, price, amount) VALUES (206, N'lightcornsyrup', 1.28, 13.6);




INSERT INTO resto_zasb.dbo.Dish (dish_id, dish_title, weight, price, state_) VALUES (0, N'Southern Cornbread D', 130, 16, 1);
INSERT INTO resto_zasb.dbo.Dish (dish_id, dish_title, weight, price, state_) VALUES (1, N'Peanut Butter Fudge', 134, 44, 1);
INSERT INTO resto_zasb.dbo.Dish (dish_id, dish_title, weight, price, state_) VALUES (2, N'Buckeyes', 46, 16, 1);
INSERT INTO resto_zasb.dbo.Dish (dish_id, dish_title, weight, price, state_) VALUES (3, N'Disappearing Buffalo', 97, 18, 1);
INSERT INTO resto_zasb.dbo.Dish (dish_id, dish_title, weight, price, state_) VALUES (4, N'Classic Macaroni Sal', 96, 47, 1);
INSERT INTO resto_zasb.dbo.Dish (dish_id, dish_title, weight, price, state_) VALUES (5, N'Classic Coleslaw', 91, 19, 1);
INSERT INTO resto_zasb.dbo.Dish (dish_id, dish_title, weight, price, state_) VALUES (6, N'Bachamel Sauce', 100, 46, 1);
INSERT INTO resto_zasb.dbo.Dish (dish_id, dish_title, weight, price, state_) VALUES (7, N'Peanut Butter Cream ', 105, 28, 1);
INSERT INTO resto_zasb.dbo.Dish (dish_id, dish_title, weight, price, state_) VALUES (8, N'Southern Pecan Pie', 58, 20, 1);
INSERT INTO resto_zasb.dbo.Dish (dish_id, dish_title, weight, price, state_) VALUES (9, N'Peanut Butter Fudge', 71, 25, 1);
INSERT INTO resto_zasb.dbo.Dish (dish_id, dish_title, weight, price, state_) VALUES (10, N'Buffalo Turkey Burge', 144, 30, 1);
INSERT INTO resto_zasb.dbo.Dish (dish_id, dish_title, weight, price, state_) VALUES (11, N'Best Homemade Browni', 93, 33, 1);
INSERT INTO resto_zasb.dbo.Dish (dish_id, dish_title, weight, price, state_) VALUES (12, N'Creamed Spinach', 131, 21, 1);
INSERT INTO resto_zasb.dbo.Dish (dish_id, dish_title, weight, price, state_) VALUES (13, N'Eggs in Hash Brown N', 62, 15, 1);
INSERT INTO resto_zasb.dbo.Dish (dish_id, dish_title, weight, price, state_) VALUES (14, N'Enchilada Sauce', 86, 22, 1);
INSERT INTO resto_zasb.dbo.Dish (dish_id, dish_title, weight, price, state_) VALUES (15, N'Home Fries', 122, 30, 1);
INSERT INTO resto_zasb.dbo.Dish (dish_id, dish_title, weight, price, state_) VALUES (16, N'Blueberry Syrup', 133, 36, 1);
INSERT INTO resto_zasb.dbo.Dish (dish_id, dish_title, weight, price, state_) VALUES (17, N'Some People Need Win', 119, 22, 1);
INSERT INTO resto_zasb.dbo.Dish (dish_id, dish_title, weight, price, state_) VALUES (18, N'Brown Sugar Meatloaf', 105, 46, 1);
INSERT INTO resto_zasb.dbo.Dish (dish_id, dish_title, weight, price, state_) VALUES (19, N'Maryland Crab Cakes', 115, 25, 1);
INSERT INTO resto_zasb.dbo.Dish (dish_id, dish_title, weight, price, state_) VALUES (20, N'Bacon and Brussel Sp', 56, 46, 1);
INSERT INTO resto_zasb.dbo.Dish (dish_id, dish_title, weight, price, state_) VALUES (21, N'Skinny Buttermilk Ma', 88, 32, 1);
INSERT INTO resto_zasb.dbo.Dish (dish_id, dish_title, weight, price, state_) VALUES (22, N'Hot Roast Beef Sandw', 138, 15, 1);
INSERT INTO resto_zasb.dbo.Dish (dish_id, dish_title, weight, price, state_) VALUES (23, N'Cranberry Brie Grill', 87, 27, 1);
INSERT INTO resto_zasb.dbo.Dish (dish_id, dish_title, weight, price, state_) VALUES (24, N'Roasted Red Pepper +', 79, 37, 1);
INSERT INTO resto_zasb.dbo.Dish (dish_id, dish_title, weight, price, state_) VALUES (25, N'Roasted Corn with Ci', 79, 39, 1);
INSERT INTO resto_zasb.dbo.Dish (dish_id, dish_title, weight, price, state_) VALUES (26, N'Huevos Rancheros', 129, 49, 1);
INSERT INTO resto_zasb.dbo.Dish (dish_id, dish_title, weight, price, state_) VALUES (27, N'Thanksgiving Breakfa', 68, 24, 1);
INSERT INTO resto_zasb.dbo.Dish (dish_id, dish_title, weight, price, state_) VALUES (28, N'Homemade Ketchup', 101, 38, 1);
INSERT INTO resto_zasb.dbo.Dish (dish_id, dish_title, weight, price, state_) VALUES (29, N'Homemade Tartar Sauc', 94, 43, 1);
INSERT INTO resto_zasb.dbo.Dish (dish_id, dish_title, weight, price, state_) VALUES (30, N'Individual Chocolate', 115, 49, 1);
INSERT INTO resto_zasb.dbo.Dish (dish_id, dish_title, weight, price, state_) VALUES (31, N'Bourbon Glazed Salmo', 67, 46, 1);
INSERT INTO resto_zasb.dbo.Dish (dish_id, dish_title, weight, price, state_) VALUES (32, N'Chocolate Mousse', 134, 42, 1);
INSERT INTO resto_zasb.dbo.Dish (dish_id, dish_title, weight, price, state_) VALUES (33, N'Grilled Corn with Ba', 126, 40, 1);
INSERT INTO resto_zasb.dbo.Dish (dish_id, dish_title, weight, price, state_) VALUES (34, N'Garlic Butter Saute', 55, 28, 1);
INSERT INTO resto_zasb.dbo.Dish (dish_id, dish_title, weight, price, state_) VALUES (35, N'Southern Sausage Gra', 68, 30, 1);
INSERT INTO resto_zasb.dbo.Dish (dish_id, dish_title, weight, price, state_) VALUES (36, N'Honeycrisp Apple Cid', 125, 44, 1);
INSERT INTO resto_zasb.dbo.Dish (dish_id, dish_title, weight, price, state_) VALUES (37, N'Nawlins Low Country', 125, 20, 1);
INSERT INTO resto_zasb.dbo.Dish (dish_id, dish_title, weight, price, state_) VALUES (38, N'Cauliflower Gratin w', 129, 25, 1);
INSERT INTO resto_zasb.dbo.Dish (dish_id, dish_title, weight, price, state_) VALUES (39, N'Grilled Chicken Caes', 87, 50, 1);
INSERT INTO resto_zasb.dbo.Dish (dish_id, dish_title, weight, price, state_) VALUES (40, N'Roasted Garlic Mashe', 104, 43, 1);
INSERT INTO resto_zasb.dbo.Dish (dish_id, dish_title, weight, price, state_) VALUES (41, N'Water Toast', 75, 47, 1);
INSERT INTO resto_zasb.dbo.Dish (dish_id, dish_title, weight, price, state_) VALUES (42, N'Green Bean Salad wit', 53, 17, 1);
INSERT INTO resto_zasb.dbo.Dish (dish_id, dish_title, weight, price, state_) VALUES (43, N'Mint Ice', 118, 19, 1);
INSERT INTO resto_zasb.dbo.Dish (dish_id, dish_title, weight, price, state_) VALUES (44, N'Garlic-Parmesan Mash', 133, 29, 1);
INSERT INTO resto_zasb.dbo.Dish (dish_id, dish_title, weight, price, state_) VALUES (45, N'Onion Marmalade', 47, 21, 1);
INSERT INTO resto_zasb.dbo.Dish (dish_id, dish_title, weight, price, state_) VALUES (46, N'Chicken Fried Steak ', 106, 47, 1);
INSERT INTO resto_zasb.dbo.Dish (dish_id, dish_title, weight, price, state_) VALUES (47, N'Sweet Potato Homefri', 47, 33, 1);
INSERT INTO resto_zasb.dbo.Dish (dish_id, dish_title, weight, price, state_) VALUES (48, N'Homemade Lemonade', 57, 31, 1);
INSERT INTO resto_zasb.dbo.Dish (dish_id, dish_title, weight, price, state_) VALUES (49, N'Skinny Scalloped Pot', 100, 41, 1);
INSERT INTO resto_zasb.dbo.Dish (dish_id, dish_title, weight, price, state_) VALUES (50, N'Kosti', 200, 40, 0);